index,leiden_0.5,cell_type,n_genes_by_counts,total_counts,pct_counts_mt
AAACATACAACCAC-1,0,CD4+ T cells,781,2421.0,3.0152829
AAACCGTGTATGCG-1,1,NK cells,522,981.0,1.2232417
AAACGCACTGGTAC-1,0,CD4+ T cells,782,2164.0,1.6635859
AAACGCTGACCAGT-1,0,CD4+ T cells,783,2176.0,3.8143382
AAACGCTGGTTCTT-1,1,NK cells,790,2260.0,3.097345
AAACGCTGTAGCCA-1,1,NK cells,533,1276.0,1.1755486
AAACGCTGTTTCTG-1,2,Monocytes,550,1103.0,2.9011786
AAACTTGATCCAGA-1,0,CD4+ T cells,751,2392.0,1.0869565
AAAGAGACGAGATA-1,0,CD4+ T cells,866,2412.0,1.0779436
AAAGAGACGGACTT-1,1,NK cells,458,1152.0,2.34375
AAAGAGACGGCATT-1,0,CD4+ T cells,335,792.0,2.39899
AAAGTTTGATCACG-1,3,B cells,446,1270.0,3.464567
AAAGTTTGTAGAGA-1,0,CD4+ T cells,417,1102.0,1.5426497
AAATCAACAATGCC-1,3,B cells,789,2321.0,1.1632917
AAATCAACACCAGT-1,0,CD4+ T cells,510,1414.0,1.980198
AAATCCCTCCACAA-1,0,CD4+ T cells,428,956.0,1.9874477
AAATCCCTGCTATG-1,3,B cells,406,822.0,1.703163
AAATGTTGCCACAA-1,0,CD4+ T cells,786,1761.0,0.62464505
AAATTGACACGACT-1,1,NK cells,838,2359.0,2.1195421
AACAAACTCATTTC-1,0,CD4+ T cells,732,2179.0,1.422671
AACAATACGACGAG-1,0,CD4+ T cells,782,2104.0,2.9942966
AACACGTGCAGAGG-1,0,CD4+ T cells,787,1801.0,0.8883953
AACACGTGGAACCT-1,2,Monocytes,880,2280.0,2.2368422
AACAGCACAAGAGT-1,2,Monocytes,343,689.0,2.467344
AACCCAGATCGCTC-1,0,CD4+ T cells,756,2343.0,1.1096884
AACCGATGCTCCCA-1,0,CD4+ T cells,836,2295.0,3.660131
AACCGATGTTCTAC-1,2,Monocytes,827,2296.0,2.5696864
AACCTTACGCGAGA-1,1,NK cells,656,1248.0,4.727564
AACCTTACTAACGC-1,2,Monocytes,776,1947.0,1.6949153
AACCTTTGGACGGA-1,0,CD4+ T cells,766,2078.0,1.2993263
AACGCAACAAGTAG-1,0,CD4+ T cells,790,2049.0,1.5129331
AACGCCCTCGTACA-1,1,NK cells,876,1915.0,1.4099216
AACGCCCTGGCATT-1,0,CD4+ T cells,690,1442.0,2.773925
AACGTCGAGTATCG-1,1,NK cells,988,2149.0,2.0009308
AACGTGTGGCGGAA-1,3,B cells,741,2071.0,2.0762916
AACGTGTGTCCAAG-1,0,CD4+ T cells,620,1665.0,2.4624624
AACGTGTGTGCTTT-1,0,CD4+ T cells,867,1933.0,1.2415934
AACTCACTTGGAGG-1,2,Monocytes,803,2124.0,1.5065913
AACTCGGAAAGTGA-1,1,NK cells,732,1840.0,3.6413045
AACTCGGAAGGTCT-1,2,Monocytes,555,1290.0,2.4031007
AACTCTTGCAGGAG-1,0,CD4+ T cells,790,2103.0,0.9985735
AACTGTCTCCCTTG-1,2,Monocytes,862,2331.0,2.1879022
AACTTGCTACGCTA-1,3,B cells,900,2336.0,2.6541095
AACTTGCTGGGACA-1,0,CD4+ T cells,674,1864.0,2.199571
AAGAACGAGTGTTG-1,0,CD4+ T cells,397,780.0,1.4102564
AAGAAGACGTAGGG-1,3,B cells,663,1440.0,2.0833335
AAGACAGAAGTCTG-1,3,B cells,563,1125.0,1.8666666
AAGACAGAGGATCT-1,0,CD4+ T cells,786,2315.0,1.2526999
AAGACAGATTACCT-1,2,Monocytes,859,2309.0,2.468601
AAGAGATGGGTAGG-1,3,B cells,568,1346.0,2.0802376
AAGATGGAAAACAG-1,3,B cells,412,878.0,2.5056946
AAGATTACAACCTG-1,0,CD4+ T cells,702,2119.0,1.6989145
AAGATTACCTCAAG-1,1,NK cells,938,2280.0,2.4561403
AAGATTACTCCTCG-1,2,Monocytes,316,642.0,2.647975
AAGCAAGAGCGAGA-1,0,CD4+ T cells,900,2480.0,2.298387
AAGCAAGAGCTTAG-1,1,NK cells,919,2171.0,2.2109628
AAGCAAGAGGTGTT-1,1,NK cells,862,1698.0,1.7078916
AAGCACTGCATACG-1,1,NK cells,390,803.0,0.124533
AAGCCATGACACGT-1,2,Monocytes,660,1538.0,1.4954486
AAGCCATGCGTGAT-1,0,CD4+ T cells,791,2111.0,1.089531
AAGCCATGTCTCGC-1,0,CD4+ T cells,478,909.0,3.5203521
AAGCCTGACATGCA-1,0,CD4+ T cells,769,1790.0,1.7877095
AAGCCTGACCGAAT-1,2,Monocytes,481,1048.0,2.0038166
AAGCGACTCCTCAC-1,2,Monocytes,819,2103.0,1.7118402
AAGCGACTTACAGC-1,3,B cells,600,1494.0,1.8072288
AAGCGTACGTCTTT-1,0,CD4+ T cells,650,2048.0,3.90625
AAGGCTTGCGAACT-1,1,NK cells,775,2076.0,0.9152216
AAGGTCACGGTTAC-1,2,Monocytes,699,1870.0,2.459893
AAGGTCACTGTTTC-1,3,B cells,642,1775.0,1.8591549
AAGGTCACTTCCCG-1,1,NK cells,857,2387.0,2.471722
AAGGTCTGCAGATC-1,0,CD4+ T cells,388,968.0,0.82644624
AAGTAACTCTGAAC-1,2,Monocytes,710,1874.0,2.1878335
AAGTAACTGAGATA-1,3,B cells,341,659.0,0.60698026
AAGTAGGATACAGC-1,1,NK cells,894,1725.0,1.8550724
AAGTCCGACTTGTT-1,0,CD4+ T cells,604,1523.0,2.4294157
AAGTCTCTCGGAGA-1,1,NK cells,679,1838.0,3.04679
AAGTGGCTTGGAGG-1,3,B cells,603,1572.0,2.0356233
AAGTTCCTCATTCT-1,2,Monocytes,864,2336.0,1.969178
AATAAGCTCGTTGA-1,0,CD4+ T cells,603,1606.0,1.3075966
AATACCCTGGACGA-1,3,B cells,610,1501.0,2.1985343
AATACTGAAAGGGC-1,1,NK cells,669,1747.0,1.0303377
AATACTGAATTGGC-1,1,NK cells,794,1816.0,1.9273129
AATAGGGAGAATGA-1,1,NK cells,756,1864.0,3.5944204
AATCAAACTATCGG-1,1,NK cells,637,1457.0,2.2649279
AATCCTACCGGTAT-1,0,CD4+ T cells,776,2440.0,2.5409837
AATCCTTGGTGAGG-1,1,NK cells,825,1754.0,1.2542759
AATCGGTGGAACTC-1,1,NK cells,852,1955.0,2.1483376
AATCGGTGTGCTTT-1,0,CD4+ T cells,745,1896.0,1.9514767
AATCTCACTCTAGG-1,0,CD4+ T cells,806,2149.0,0.8375989
AATCTCTGAACAGA-1,0,CD4+ T cells,715,2183.0,1.6032983
AATCTCTGCTTTAC-1,1,NK cells,668,1710.0,1.8128656
AATGATACACCAAC-1,1,NK cells,779,1918.0,0.729927
AATGCGTGGCTATG-1,3,B cells,873,2225.0,2.0674157
AATGGAGAATCGTG-1,2,Monocytes,847,2381.0,3.2759347
AATGGAGATCCTTA-1,1,NK cells,781,1959.0,2.5523226
AATGGCTGCGTGAT-1,0,CD4+ T cells,805,2211.0,1.9900497
AATGGCTGTAAAGG-1,1,NK cells,554,1286.0,4.821151
AATGGCTGTACTCT-1,1,NK cells,604,1208.0,4.9668875
AATGGCTGTGAAGA-1,0,CD4+ T cells,785,2145.0,2.6573427
AATTACGATTGGCA-1,3,B cells,677,1731.0,3.581745
AATTCCTGCTCAGA-1,3,B cells,775,1800.0,2.388889
AATTGTGACTTGGA-1,3,B cells,657,1973.0,1.7232642
ACAAAGGAGGGTGA-1,0,CD4+ T cells,626,2019.0,2.4764736
ACAAATTGCTCAGA-1,2,Monocytes,467,955.0,2.827225
ACAAATTGTTGCGA-1,1,NK cells,936,2326.0,2.622528
ACAACCGAGGGATG-1,1,NK cells,977,2384.0,1.761745
ACAACCGAGTTACG-1,0,CD4+ T cells,780,2106.0,1.8043684
ACAAGAGACTTATC-1,0,CD4+ T cells,432,948.0,4.43038
ACAAGAGAGTTGAC-1,3,B cells,579,1624.0,4.4334974
ACAATCCTAACCGT-1,0,CD4+ T cells,850,2317.0,1.4674147
ACAATCCTTAGCGT-1,3,B cells,736,1847.0,3.4650784
ACAATTGACTGACA-1,1,NK cells,800,2165.0,2.1709006
ACAATTGATGACTG-1,1,NK cells,892,1871.0,1.8706573
ACACAGACCATACG-1,1,NK cells,860,2024.0,2.22332
ACACCAGAGGGCAA-1,1,NK cells,720,1769.0,1.3001696
ACACCCTGGTGTTG-1,1,NK cells,822,1808.0,1.3827434
ACACGAACAGTTCG-1,1,NK cells,681,1524.0,1.5748031
ACACGATGACGCAT-1,1,NK cells,954,2060.0,2.7669902
ACACGATGATGTGC-1,2,Monocytes,889,2314.0,3.457217
ACACGATGTGGTCA-1,1,NK cells,919,2311.0,1.6875811
ACAGACACGGCATT-1,0,CD4+ T cells,799,2139.0,3.132305
ACAGACACGTTGTG-1,0,CD4+ T cells,833,1984.0,1.0080645
ACAGCAACACCTAG-1,2,Monocytes,496,1046.0,1.8164436
ACAGGTACGCTGTA-1,1,NK cells,869,2220.0,3.1531532
ACAGGTACTGGTGT-1,1,NK cells,1059,1886.0,1.2725345
ACAGTCGACCCAAA-1,0,CD4+ T cells,490,1010.0,2.2772276
ACAGTCGACCGATA-1,1,NK cells,897,2070.0,1.0144928
ACAGTGACTCACCC-1,1,NK cells,832,2162.0,1.1563367
ACAGTGACTCTATC-1,1,NK cells,864,2131.0,4.1295166
ACAGTGTGGTCACA-1,0,CD4+ T cells,419,964.0,2.2821577
ACAGTGTGTTGCGA-1,2,Monocytes,856,2274.0,2.2427442
ACATGGTGAAGCCT-1,0,CD4+ T cells,791,2165.0,1.2009238
ACATGGTGCAACCA-1,3,B cells,756,2147.0,2.7480206
ACATGGTGCGAGTT-1,0,CD4+ T cells,771,2048.0,1.171875
ACCAACGACATGCA-1,0,CD4+ T cells,680,2115.0,1.4184396
ACCACAGAAAGTAG-1,0,CD4+ T cells,524,1457.0,3.2258062
ACCACCTGTGTGCA-1,0,CD4+ T cells,506,1177.0,1.6992353
ACCACGCTACCCAA-1,1,NK cells,775,1936.0,2.479339
ACCACGCTGCGAGA-1,0,CD4+ T cells,793,1979.0,2.3749368
ACCACGCTGCTGTA-1,0,CD4+ T cells,748,2009.0,3.5838728
ACCAGTGAACGGTT-1,3,B cells,643,1730.0,3.352601
ACCAGTGAGGGATG-1,0,CD4+ T cells,828,2445.0,0.89979553
ACCAGTGATGACTG-1,2,Monocytes,480,1223.0,2.780049
ACCATTTGTCATTC-1,0,CD4+ T cells,648,1647.0,2.003643
ACCCAAGAACTGTG-1,1,NK cells,805,1704.0,2.112676
ACCCAAGATTCACT-1,3,B cells,669,1976.0,2.8846154
ACCCACTGCGCCTT-1,2,Monocytes,489,986.0,2.7383366
ACCCACTGGACAGG-1,0,CD4+ T cells,390,863.0,2.433372
ACCCACTGGTTCAG-1,4,Megakaryocytes,350,568.0,1.2323943
ACCCAGCTCAGAAA-1,0,CD4+ T cells,837,2389.0,1.8836333
ACCCAGCTTGCTTT-1,0,CD4+ T cells,840,2495.0,0.4408818
ACCCGTTGATGACC-1,3,B cells,581,1508.0,2.917772
ACCCGTTGCTGCAA-1,0,CD4+ T cells,748,2158.0,0.74142724
ACCCTCGACCTATT-1,0,CD4+ T cells,735,1727.0,2.2003474
ACCCTCGACGGTAT-1,3,B cells,488,1245.0,1.8473896
ACCCTCGATCAAGC-1,2,Monocytes,585,1444.0,2.8393352
ACCGTGCTACCAGT-1,0,CD4+ T cells,797,1938.0,1.5479876
ACCGTGCTGGAACG-1,3,B cells,769,1909.0,2.200105
ACCTATTGCTGAGT-1,3,B cells,490,1190.0,2.605042
ACCTCCGAGTCCTC-1,0,CD4+ T cells,895,2426.0,1.071723
ACCTCCGATATGCG-1,0,CD4+ T cells,686,1789.0,2.571269
ACCTCCGATGCTGA-1,0,CD4+ T cells,602,1789.0,2.291783
ACCTCGTGAACCAC-1,1,NK cells,772,1969.0,2.996445
ACCTGAGATATCGG-1,4,Megakaryocytes,704,1524.0,3.7401576
ACCTGGCTAAGTAG-1,1,NK cells,892,1870.0,2.8877006
ACGAACACCTTGTT-1,1,NK cells,892,1736.0,1.3248848
ACGAAGCTCTCCAC-1,0,CD4+ T cells,355,796.0,1.0050251
ACGACCCTGATGAA-1,0,CD4+ T cells,703,2014.0,3.0287986
ACGACCCTTGACCA-1,0,CD4+ T cells,736,2314.0,2.7225585
ACGAGTACCCTAAG-1,3,B cells,545,1261.0,1.8239492
ACGATCGAGGACTT-1,1,NK cells,659,1607.0,0.9334163
ACGATGACAATGCC-1,0,CD4+ T cells,819,2246.0,2.0480855
ACGATTCTACGGGA-1,1,NK cells,632,1606.0,3.4246576
ACGCAATGGTTCAG-1,1,NK cells,598,1227.0,2.607987
ACGCACCTGTTAGC-1,3,B cells,690,1687.0,2.1339657
ACGCCACTGAACTC-1,2,Monocytes,310,602.0,0.0
ACGCCGGAAACCAC-1,2,Monocytes,803,2243.0,2.2737405
ACGCCGGAAAGCCT-1,0,CD4+ T cells,743,2145.0,0.88578093
ACGCCGGAAATGCC-1,0,CD4+ T cells,560,1102.0,2.2686026
ACGCGGTGGCGAGA-1,0,CD4+ T cells,844,2432.0,2.055921
ACGCGGTGTTTGCT-1,1,NK cells,841,2145.0,1.6317016
ACGCTCACAGTACC-1,0,CD4+ T cells,815,2367.0,2.7038445
ACGCTCACCCTTGC-1,0,CD4+ T cells,771,2165.0,2.3094687
ACGCTGCTGTTCTT-1,1,NK cells,976,1956.0,1.0736196
ACGGAACTCAGATC-1,1,NK cells,986,2155.0,1.8561485
ACGGAACTGTCGTA-1,2,Monocytes,820,2153.0,3.9015326
ACGGATTGGGAGGT-1,3,B cells,640,1655.0,2.7794561
ACGGCTCTGAGCAG-1,0,CD4+ T cells,927,2389.0,2.511511
ACGGTAACCGCTAA-1,0,CD4+ T cells,753,1867.0,2.6780932
ACGGTAACCTTCGC-1,1,NK cells,791,1944.0,2.3148148
ACGGTAACGGTGGA-1,0,CD4+ T cells,366,811.0,4.192355
ACGGTAACTCGCAA-1,1,NK cells,539,1213.0,2.2258863
ACGGTATGAGTCGT-1,2,Monocytes,752,1764.0,2.4376416
ACGGTATGGGTATC-1,3,B cells,769,2149.0,3.8157284
ACGGTATGGTTGTG-1,3,B cells,650,1947.0,2.259887
ACGGTCCTAACGGG-1,0,CD4+ T cells,947,2197.0,1.3654984
ACGGTCCTCGGGAA-1,0,CD4+ T cells,771,2254.0,2.3513753
ACGTAGACAACCAC-1,0,CD4+ T cells,824,2028.0,0.9861933
ACGTAGACTACAGC-1,3,B cells,744,1829.0,1.7495898
ACGTCAGAAACGAA-1,0,CD4+ T cells,837,2167.0,2.1688972
ACGTCAGAGAGCTT-1,2,Monocytes,723,1911.0,2.4071167
ACGTCAGAGGGATG-1,0,CD4+ T cells,640,1541.0,1.4925373
ACGTCGCTCTATTC-1,2,Monocytes,699,1585.0,3.40694
ACGTCGCTTCTCAT-1,3,B cells,618,1602.0,2.496879
ACGTGATGTGACAC-1,1,NK cells,981,2135.0,3.1850119
ACGTGCCTCCGTAA-1,0,CD4+ T cells,866,2177.0,1.3780432
ACGTGCCTTCTATC-1,0,CD4+ T cells,527,1081.0,3.7002776
ACGTTACTTTCCAT-1,0,CD4+ T cells,762,1968.0,1.6260161
ACGTTGGAAAAGCA-1,0,CD4+ T cells,717,2187.0,1.9204389
ACGTTGGAAACCTG-1,1,NK cells,860,2217.0,4.014434
ACGTTGGACCGTAA-1,2,Monocytes,603,1383.0,2.4584239
ACGTTGGAGCCAAT-1,1,NK cells,828,1780.0,2.247191
ACGTTGGATATGGC-1,3,B cells,476,1052.0,1.2357415
ACGTTTACATCAGC-1,0,CD4+ T cells,775,2368.0,1.5625
ACTAAAACCCACAA-1,1,NK cells,614,1268.0,1.4195584
ACTACGGAATTTCC-1,0,CD4+ T cells,836,2188.0,1.9195613
ACTACGGACCTATT-1,0,CD4+ T cells,669,1804.0,2.660754
ACTACGGATCGCTC-1,0,CD4+ T cells,942,2471.0,1.3759611
ACTACTACTAAGGA-1,0,CD4+ T cells,792,2339.0,2.3941855
ACTAGGTGGAACCT-1,1,NK cells,871,1980.0,1.3636364
ACTATCACCTTGGA-1,1,NK cells,859,2050.0,3.0731707
ACTATCACTGCCAA-1,0,CD4+ T cells,793,2222.0,1.6651666
ACTCAGGACTGAAC-1,0,CD4+ T cells,822,2160.0,0.5555556
ACTCAGGATCTATC-1,3,B cells,751,1870.0,1.4973263
ACTCAGGATTCGTT-1,2,Monocytes,435,1009.0,1.9821604
ACTCGCACGAAAGT-1,2,Monocytes,781,1824.0,1.6447369
ACTCGCACTACGAC-1,2,Monocytes,718,1872.0,1.1217949
ACTCTCCTGACACT-1,0,CD4+ T cells,471,1237.0,2.9102669
ACTGAGACAACCAC-1,1,NK cells,841,1944.0,3.549383
ACTGCCACACACGT-1,1,NK cells,912,2120.0,1.6037736
ACTGCCACTCCGTC-1,1,NK cells,873,1739.0,4.082806
ACTGGCCTTCAGTG-1,1,NK cells,824,1656.0,2.0531402
ACTGTTACCCACAA-1,2,Monocytes,575,1262.0,3.2488115
ACTGTTACTGCAGT-1,0,CD4+ T cells,605,1658.0,2.291918
ACTTAAGAACCACA-1,0,CD4+ T cells,717,2297.0,2.2638223
ACTTCAACGTAGGG-1,1,NK cells,657,1259.0,1.1119937
ACTTCCCTTTCCGC-1,0,CD4+ T cells,718,2072.0,1.3030888
ACTTCTGACATGCA-1,3,B cells,646,1655.0,4.3504534
ACTTGACTCCACAA-1,3,B cells,808,1999.0,1.6008005
ACTTGGGAGGTTTG-1,1,NK cells,750,1645.0,1.762918
ACTTGGGATGTGAC-1,2,Monocytes,390,792.0,0.12626262
ACTTGTACCTGTCC-1,0,CD4+ T cells,456,1149.0,1.2184508
ACTTTGTGGAAAGT-1,0,CD4+ T cells,755,2368.0,1.1402026
AGAAACGAAAGTAG-1,3,B cells,571,1430.0,2.867133
AGAAAGTGGGGATG-1,2,Monocytes,728,1968.0,1.6260161
AGAACAGAAATGCC-1,1,NK cells,916,1879.0,1.7030336
AGAACAGACGACTA-1,3,B cells,491,981.0,2.54842
AGAACGCTTTGCTT-1,0,CD4+ T cells,625,1763.0,2.1554167
AGAATGGAAGAAGT-1,1,NK cells,772,2052.0,1.0233918
AGAATTTGTAGAGA-1,0,CD4+ T cells,480,1428.0,4.131653
AGACACACTGTAGC-1,0,CD4+ T cells,810,2229.0,1.3010318
AGACACTGTCAAGC-1,2,Monocytes,725,1944.0,1.6975307
AGACGTACAGAGGC-1,0,CD4+ T cells,808,2193.0,1.2767898
AGACGTACCCCTAC-1,3,B cells,672,1517.0,3.09822
AGACGTACTCGTGA-1,2,Monocytes,862,2242.0,4.1480823
AGACTGACCATCAG-1,1,NK cells,766,1895.0,3.4300792
AGACTTCTCATGCA-1,3,B cells,507,1302.0,2.8417819
AGAGATGACAGTCA-1,3,B cells,570,1340.0,3.2089553
AGAGATGACTGAAC-1,0,CD4+ T cells,678,1974.0,2.3809524
AGAGATGAGGTTTG-1,2,Monocytes,768,2060.0,2.8640776
AGAGATGATTGTGG-1,0,CD4+ T cells,885,2339.0,1.5818726
AGAGTGCTCAGCTA-1,0,CD4+ T cells,587,1566.0,1.9157088
AGAGTGCTGTCCTC-1,1,NK cells,783,1944.0,2.1090536
AGAGTGCTGTGTTG-1,3,B cells,696,1635.0,3.24159
AGATATACCCGTAA-1,1,NK cells,1057,2260.0,1.5044248
AGATATACGATGAA-1,0,CD4+ T cells,783,2386.0,4.8197823
AGATATACTGTTCT-1,3,B cells,867,2358.0,1.187447
AGATATTGCCTACC-1,1,NK cells,919,2395.0,1.0020877
AGATCGTGTTTGTC-1,3,B cells,727,1844.0,1.1930586
AGATCTCTATCACG-1,3,B cells,645,1501.0,2.7315123
AGATTCCTATCGTG-1,0,CD4+ T cells,929,2499.0,0.8403362
AGATTCCTCACTTT-1,2,Monocytes,792,2200.0,2.7272727
AGATTCCTGTTCAG-1,1,NK cells,1025,2318.0,3.1924074
AGCAAAGATATGCG-1,0,CD4+ T cells,946,2434.0,2.259655
AGCACAACAGTCTG-1,0,CD4+ T cells,600,1625.0,2.0923076
AGCACTGATATGCG-1,0,CD4+ T cells,975,2297.0,0.91423595
AGCACTGATTGCGA-1,0,CD4+ T cells,758,2158.0,1.8535681
AGCATCGAAGATCC-1,0,CD4+ T cells,772,1726.0,2.3754346
AGCATCGAAGGGTG-1,3,B cells,682,2172.0,1.6574585
AGCATGACGATGAA-1,1,NK cells,706,1870.0,2.0855615
AGCCAATGGGGAGT-1,2,Monocytes,808,1876.0,1.5991472
AGCCACCTGGATCT-1,1,NK cells,819,1983.0,2.2188604
AGCCGGTGTGTTTC-1,0,CD4+ T cells,742,2196.0,1.4571949
AGCCTCACGTTCGA-1,0,CD4+ T cells,704,2157.0,1.6689847
AGCCTCTGCAGTTG-1,3,B cells,581,1473.0,2.5118806
AGCCTCTGCCAATG-1,1,NK cells,809,1679.0,1.6676594
AGCGAACTTACTGG-1,0,CD4+ T cells,805,2117.0,1.4170997
AGCGATACGGAGCA-1,0,CD4+ T cells,542,1590.0,1.9496856
AGCGATTGAGATCC-1,1,NK cells,888,1919.0,2.1886399
AGCGCCGAATCTCT-1,0,CD4+ T cells,519,1279.0,1.2509774
AGCGCTCTACCTTT-1,0,CD4+ T cells,762,1767.0,1.4714205
AGCGGCACCGGGAA-1,0,CD4+ T cells,698,2103.0,1.616738
AGCGGCTGATGTGC-1,0,CD4+ T cells,752,2269.0,1.6306744
AGCGGGCTTGCCAA-1,0,CD4+ T cells,771,2244.0,1.5151515
AGCGTAACATGCTG-1,0,CD4+ T cells,899,2424.0,1.938944
AGCTGAACCTCTCG-1,0,CD4+ T cells,809,2320.0,1.8965518
AGCTGCCTTGGGAG-1,2,Monocytes,445,1037.0,4.4358726
AGCTGCCTTTCTGT-1,0,CD4+ T cells,789,2282.0,2.0595968
AGCTGTGATCCAAG-1,0,CD4+ T cells,641,1551.0,3.6105738
AGCTTTACAAGTAG-1,0,CD4+ T cells,819,2261.0,1.6364441
AGCTTTACACCAAC-1,1,NK cells,890,2114.0,3.1220436
AGGAAATGAGGAGC-1,0,CD4+ T cells,806,1880.0,0.69148934
AGGAACCTTGCCTC-1,1,NK cells,942,2188.0,1.8738574
AGGAATGATAACGC-1,0,CD4+ T cells,807,1975.0,2.7848103
AGGAGTCTTGTCAG-1,0,CD4+ T cells,726,1978.0,1.6177958
AGGATAGAGGATTC-1,1,NK cells,826,1963.0,1.0697912
AGGATGCTACTAGC-1,3,B cells,661,1805.0,1.1634349
AGGATGCTTTAGGC-1,1,NK cells,713,1401.0,2.2127054
AGGCAGGAGTACCA-1,1,NK cells,822,2152.0,3.7639406
AGGCCTCTAGTCGT-1,0,CD4+ T cells,806,2264.0,0.79505306
AGGCCTCTCGGAGA-1,0,CD4+ T cells,864,2388.0,2.0519261
AGGCCTCTCGTAAC-1,0,CD4+ T cells,464,1205.0,0.66390043
AGGGACGACGTTGA-1,0,CD4+ T cells,664,1857.0,2.1540117
AGGGACGAGTCAAC-1,1,NK cells,931,1957.0,1.5329586
AGGGACGATAGAGA-1,1,NK cells,674,1722.0,3.8908248
AGGGACGATGCATG-1,1,NK cells,803,1783.0,1.0656197
AGGGAGTGAGCCTA-1,0,CD4+ T cells,464,997.0,0.8024072
AGGGCCACCATACG-1,0,CD4+ T cells,788,2047.0,1.6121153
AGGGCGCTATGGTC-1,0,CD4+ T cells,781,1609.0,4.474829
AGGGTGGACAGTCA-1,3,B cells,843,2229.0,2.4674742
AGGGTGGACTCAAG-1,2,Monocytes,779,2072.0,2.123552
AGGGTGGAGTTGCA-1,1,NK cells,873,2253.0,1.8197957
AGGGTTTGTTCATC-1,2,Monocytes,707,1795.0,2.172702
AGGTCATGAGTGTC-1,3,B cells,492,925.0,3.2432432
AGGTCATGCTTATC-1,1,NK cells,669,1588.0,2.0151134
AGGTGGGAAGAATG-1,0,CD4+ T cells,749,2033.0,1.4756517
AGGTGGGAAGTTCG-1,0,CD4+ T cells,789,2474.0,1.3742926
AGGTGTTGGTTACG-1,3,B cells,780,2090.0,1.2918661
AGGTTCGAACCTCC-1,2,Monocytes,561,1346.0,1.857355
AGGTTCGAACGTAC-1,2,Monocytes,655,1592.0,1.4447236
AGGTTCGAGGGTGA-1,0,CD4+ T cells,432,1155.0,2.3376622
AGTAAGGAGTTTGG-1,0,CD4+ T cells,801,1928.0,1.6597512
AGTAATACATCACG-1,1,NK cells,770,1832.0,2.3471615
AGTAATACCGAACT-1,3,B cells,503,1236.0,2.5080907
AGTAATTGTCCCAC-1,0,CD4+ T cells,766,1892.0,1.4799154
AGTACGTGAGGGTG-1,0,CD4+ T cells,776,2386.0,1.6345348
AGTACTCTACGTGT-1,3,B cells,654,1604.0,1.8703243
AGTACTCTCAACCA-1,1,NK cells,762,1766.0,4.869762
AGTACTCTCGGTAT-1,0,CD4+ T cells,882,2063.0,1.5511391
AGTATCCTAGAACA-1,0,CD4+ T cells,626,1826.0,0.87623227
AGTCAGACGCTTAG-1,0,CD4+ T cells,491,1011.0,3.1651828
AGTCAGACTAGAGA-1,1,NK cells,833,1994.0,1.9057171
AGTCCAGATATCTC-1,0,CD4+ T cells,581,1746.0,1.9473082
AGTCCAGATTTCAC-1,0,CD4+ T cells,842,2095.0,1.575179
AGTCGAACCAACCA-1,0,CD4+ T cells,596,1547.0,2.3270848
AGTCGCCTCCGTAA-1,0,CD4+ T cells,811,2231.0,0.76199013
AGTCTACTAGGGTG-1,2,Monocytes,542,1192.0,0.9228188
AGTCTTACACCACA-1,0,CD4+ T cells,758,2425.0,1.8556701
AGTCTTACTTCGCC-1,1,NK cells,854,2129.0,3.5697513
AGTCTTACTTCGGA-1,4,Megakaryocytes,274,664.0,0.75301206
AGTGTTCTATAAGG-1,0,CD4+ T cells,559,1309.0,2.2918258
AGTTATGACTGAGT-1,0,CD4+ T cells,946,2087.0,0.574988
AGTTCTACCAGCTA-1,2,Monocytes,737,1632.0,2.4509804
AGTTCTTGAAGCCT-1,1,NK cells,604,1279.0,2.814699
AGTTTAGATGGTCA-1,0,CD4+ T cells,606,1395.0,2.4372761
AGTTTGCTACAGTC-1,0,CD4+ T cells,668,2092.0,1.7686424
AGTTTGCTACTGGT-1,1,NK cells,785,1942.0,3.347065
AGTTTGCTCCAAGT-1,0,CD4+ T cells,726,2050.0,0.5365854
ATAACAACATGCTG-1,2,Monocytes,994,2231.0,3.0479605
ATAACAACGTCTAG-1,0,CD4+ T cells,655,1672.0,2.8708134
ATAACCCTGTTGGT-1,0,CD4+ T cells,591,1638.0,3.052503
ATAAGTACGAATGA-1,3,B cells,625,1562.0,1.6645327
ATAAGTTGGTACGT-1,2,Monocytes,582,1355.0,2.4354243
ATAAGTTGTCTAGG-1,0,CD4+ T cells,814,2338.0,3.4644995
ATAATCGAGCTGAT-1,3,B cells,570,1386.0,1.9480519
ATAATCGATGGTTG-1,0,CD4+ T cells,775,2348.0,0.5536627
ATAATGACCTACTT-1,0,CD4+ T cells,822,2215.0,1.2189616
ATAATGACTCGTGA-1,2,Monocytes,715,1843.0,2.55019
ATACAATGTTAGGC-1,0,CD4+ T cells,738,2148.0,1.6759777
ATACCACTGCCAAT-1,1,NK cells,743,1580.0,3.3544302
ATACCGGACATTTC-1,2,Monocytes,841,2213.0,1.8978761
ATACCGGAGGTGTT-1,2,Monocytes,783,2129.0,2.1606388
ATACCGGATCTCGC-1,0,CD4+ T cells,643,1786.0,2.631579
ATACGGACAGACTC-1,2,Monocytes,431,877.0,4.1049027
ATACGGACCTACTT-1,2,Monocytes,490,1042.0,2.2072937
ATACGGACGAGGTG-1,3,B cells,532,1218.0,3.1198685
ATACGGACTATGCG-1,3,B cells,524,1474.0,2.1709633
ATACGGACTCTGGA-1,2,Monocytes,620,1470.0,3.4693878
ATACGTCTTAACGC-1,2,Monocytes,749,2011.0,4.525112
ATACTCTGGTATGC-1,1,NK cells,834,1619.0,2.1618283
ATAGATACCATGGT-1,0,CD4+ T cells,790,2183.0,1.8323408
ATAGATACGACGAG-1,0,CD4+ T cells,702,2123.0,2.6848798
ATAGCCGAACGGAG-1,0,CD4+ T cells,693,2095.0,2.673031
ATAGCGTGCAGATC-1,0,CD4+ T cells,784,2448.0,1.0620916
ATAGCGTGGTATCG-1,2,Monocytes,471,1069.0,1.7773621
ATAGCGTGTCTCTA-1,0,CD4+ T cells,839,2273.0,1.8477783
ATAGCTCTCTGATG-1,0,CD4+ T cells,529,1163.0,2.9234738
ATAGCTCTGAGGTG-1,0,CD4+ T cells,729,1975.0,2.1265824
ATAGGCTGTCAGAC-1,0,CD4+ T cells,802,2173.0,1.6566958
ATAGTCCTAGTGTC-1,2,Monocytes,886,2205.0,2.1315193
ATAGTCCTTGCATG-1,0,CD4+ T cells,815,2055.0,0.7785888
ATAGTTGACAACTG-1,0,CD4+ T cells,746,2184.0,1.6025642
ATAGTTGAGACGTT-1,0,CD4+ T cells,545,2030.0,3.004926
ATAGTTGATAAGCC-1,0,CD4+ T cells,696,1870.0,1.657754
ATATAGTGGAATGA-1,2,Monocytes,467,1062.0,2.9190207
ATATGCCTAGATCC-1,2,Monocytes,725,1910.0,2.041885
ATATGCCTTCTCTA-1,0,CD4+ T cells,479,1090.0,1.3761468
ATATGCCTTGGTAC-1,0,CD4+ T cells,728,2021.0,1.7318159
ATCAACCTGAGGAC-1,0,CD4+ T cells,833,2312.0,2.7249136
ATCACGGATTTCGT-1,3,B cells,737,1792.0,2.1763394
ATCATCTGACACCA-1,4,Megakaryocytes,367,737.0,0.6784261
ATCATGCTAGAGTA-1,1,NK cells,459,850.0,3.4117646
ATCCAGGATGGAAA-1,0,CD4+ T cells,756,2128.0,1.268797
ATCCATACTCCTTA-1,2,Monocytes,662,1624.0,2.5246305
ATCCCGTGCAGTCA-1,1,NK cells,1003,1996.0,1.9539078
ATCCCGTGCATGCA-1,3,B cells,359,776.0,2.8350515
ATCCCGTGGCTGAT-1,3,B cells,770,2155.0,1.8097447
ATCCGCACGCATCA-1,3,B cells,813,2341.0,2.0931225
ATCCTAACGACGGA-1,3,B cells,634,1776.0,3.65991
ATCCTAACGCTACA-1,0,CD4+ T cells,924,2064.0,1.6957365
ATCGAGTGGACGTT-1,1,NK cells,816,1973.0,1.6725799
ATCGCAGAGTGTCA-1,3,B cells,771,2109.0,1.469891
ATCGCCACTGAGGG-1,1,NK cells,706,1687.0,2.8452876
ATCGCCTGTGGCAT-1,3,B cells,348,756.0,1.7195767
ATCGCGCTCAGAGG-1,2,Monocytes,716,1842.0,3.3116176
ATCGCGCTTTTCGT-1,3,B cells,715,1779.0,2.5857222
ATCGGAACCAGTCA-1,0,CD4+ T cells,550,1199.0,0.9174312
ATCGGTGAGTCAAC-1,0,CD4+ T cells,689,1885.0,1.6976128
ATCGTTTGGGTACT-1,2,Monocytes,690,1765.0,3.2861187
ATCGTTTGTGCCAA-1,2,Monocytes,383,737.0,1.899593
ATCTACACCCGCTT-1,2,Monocytes,374,754.0,1.7241379
ATCTACACCGGGAA-1,0,CD4+ T cells,882,2454.0,0.73349637
ATCTCAACAGGAGC-1,3,B cells,697,1915.0,2.245431
ATCTCAACCTCGAA-1,0,CD4+ T cells,246,609.0,0.0
ATCTCAACCTTGTT-1,2,Monocytes,833,2138.0,2.1047707
ATCTGGGAAACCAC-1,2,Monocytes,1006,2420.0,2.0661156
ATCTGTTGAACGGG-1,0,CD4+ T cells,856,2310.0,1.6017315
ATCTTGACCTCCCA-1,2,Monocytes,565,1399.0,3.1451035
ATCTTTCTGCATCA-1,0,CD4+ T cells,417,877.0,1.482326
ATCTTTCTGTTTCT-1,1,NK cells,907,2366.0,1.0143703
ATCTTTCTTGTCCC-1,1,NK cells,927,1915.0,3.4986947
ATGAAACTGAGGCA-1,0,CD4+ T cells,658,1973.0,2.2301066
ATGAAGGAACAGCT-1,1,NK cells,727,1477.0,1.8280298
ATGAAGGACCTGTC-1,3,B cells,743,2047.0,3.7616022
ATGAAGGACCTTAT-1,3,B cells,381,859.0,2.444703
ATGAAGGACTAGTG-1,3,B cells,385,713.0,1.9635344
ATGAAGGACTTGCC-1,1,NK cells,905,1800.0,1.5
ATGACGTGACGACT-1,3,B cells,645,1881.0,1.1695907
ATGAGAGAACGCAT-1,0,CD4+ T cells,724,2350.0,1.106383
ATGAGAGAAGTAGA-1,3,B cells,618,1575.0,3.3650794
ATGATAACTTCACT-1,1,NK cells,808,1523.0,1.0505581
ATGATATGACTGGT-1,0,CD4+ T cells,762,2343.0,2.0913358
ATGATATGAGCACT-1,0,CD4+ T cells,741,2189.0,1.2334399
ATGATATGGTCATG-1,0,CD4+ T cells,687,1768.0,1.6968327
ATGATATGGTGCTA-1,1,NK cells,932,1978.0,2.7300303
ATGCACGAATGTCG-1,3,B cells,601,1381.0,3.186097
ATGCACGACTGTAG-1,0,CD4+ T cells,652,1479.0,1.6903313
ATGCACGAGTTCGA-1,0,CD4+ T cells,682,1920.0,1.9791666
ATGCAGTGTTACCT-1,3,B cells,604,1396.0,2.0773637
ATGCAGTGTTCTAC-1,0,CD4+ T cells,823,2333.0,3.1290185
ATGCCAGAACGACT-1,0,CD4+ T cells,803,2167.0,1.9843102
ATGCCAGACAGTCA-1,2,Monocytes,646,1323.0,2.87226
ATGCCGCTTGAACC-1,2,Monocytes,917,2463.0,2.72026
ATGCGATGGTTACG-1,3,B cells,795,2230.0,1.3452915
ATGCTTTGCGAATC-1,0,CD4+ T cells,949,2482.0,2.9411764
ATGCTTTGGGCGAA-1,1,NK cells,516,1083.0,2.3084025
ATGCTTTGTAGTCG-1,3,B cells,664,1682.0,1.6052319
ATGGACACGCATCA-1,1,NK cells,637,1025.0,2.7317073
ATGGGTACAACCTG-1,3,B cells,619,1348.0,2.818991
ATGGGTACATCGGT-1,1,NK cells,907,1873.0,1.6550988
ATGGGTACTATTCC-1,0,CD4+ T cells,961,2244.0,0.8912656
ATGGGTACTGGGAG-1,0,CD4+ T cells,812,2458.0,1.5459723
ATGTAAACACCTCC-1,0,CD4+ T cells,793,2157.0,1.761706
ATGTACCTCAGTCA-1,0,CD4+ T cells,675,2078.0,2.454283
ATGTACCTTAGTCG-1,0,CD4+ T cells,937,2214.0,0.40650403
ATGTACCTTTATCC-1,2,Monocytes,631,1536.0,2.6041665
ATGTCACTCTGCTC-1,0,CD4+ T cells,499,1016.0,3.4448817
ATGTCGGAGGTGAG-1,0,CD4+ T cells,948,2364.0,1.8612521
ATGTTCACAGTCTG-1,2,Monocytes,801,1918.0,1.9812305
ATGTTCACCGTAGT-1,0,CD4+ T cells,848,2457.0,2.8490028
ATGTTGCTTTCAGG-1,1,NK cells,741,2016.0,1.4384921
ATTAACGATGAGAA-1,1,NK cells,604,1291.0,4.105345
ATTAACGATGCAAC-1,1,NK cells,864,2026.0,1.2339586
ATTAGATGTTTCAC-1,0,CD4+ T cells,624,2061.0,1.4556041
ATTCAAGACCTTTA-1,0,CD4+ T cells,815,1974.0,2.1276596
ATTCAGCTCATTGG-1,4,Megakaryocytes,346,917.0,2.9443839
ATTCCAACTTAGGC-1,1,NK cells,803,1898.0,2.3182297
ATTCGACTCACTAG-1,1,NK cells,749,1771.0,1.4680971
ATTCGACTGAATAG-1,2,Monocytes,779,2064.0,1.8410852
ATTCTTCTGATACC-1,1,NK cells,654,1722.0,2.0325203
ATTGAATGGACGGA-1,0,CD4+ T cells,631,1530.0,2.6143792
ATTGATGAAGGTTC-1,0,CD4+ T cells,755,2344.0,2.474403
ATTGATGAGCGAAG-1,0,CD4+ T cells,850,2290.0,1.5720524
ATTGATGATCTATC-1,0,CD4+ T cells,798,2248.0,2.2686834
ATTGCACTGGAGCA-1,2,Monocytes,690,1621.0,2.5909932
ATTGCACTTAGCCA-1,0,CD4+ T cells,864,2393.0,0.87755954
ATTGCTTGTTACTC-1,3,B cells,838,2439.0,1.8860189
ATTGGTCTTGTCTT-1,3,B cells,389,752.0,1.3297873
ATTGTCTGCGTACA-1,0,CD4+ T cells,885,2317.0,1.8990073
ATTTAGGACAGAGG-1,0,CD4+ T cells,920,2435.0,1.0677618
ATTTCCGAGATGAA-1,0,CD4+ T cells,855,2449.0,4.532462
ATTTCCGAGTGCTA-1,0,CD4+ T cells,807,1908.0,2.9874213
ATTTCGTGTATGGC-1,1,NK cells,859,2244.0,2.094474
ATTTCTCTAGCAAA-1,0,CD4+ T cells,987,2441.0,1.351905
ATTTCTCTTCCCAC-1,0,CD4+ T cells,678,1974.0,1.3677812
ATTTGCACAAGATG-1,2,Monocytes,626,1525.0,4.196721
CAAAGCACAGCTCA-1,0,CD4+ T cells,831,2393.0,1.3372335
CAAAGCACCGTAAC-1,3,B cells,829,2347.0,1.7895185
CAAAGCACGGTAAA-1,1,NK cells,1009,2138.0,1.4031805
CAAAGCTGAAAGTG-1,0,CD4+ T cells,547,1234.0,3.160454
CAAAGCTGTTGCTT-1,2,Monocytes,893,2486.0,2.3732905
CAAATATGTGACAC-1,0,CD4+ T cells,722,2407.0,2.368093
CAAATTGAGGGCAA-1,0,CD4+ T cells,656,1988.0,1.9617707
CAAATTGATGGAGG-1,2,Monocytes,415,846.0,3.9007094
CAACCAGAAAAGTG-1,0,CD4+ T cells,773,2237.0,2.5033526
CAACCAGATAGAAG-1,2,Monocytes,365,739.0,1.8944521
CAACCGCTGTTCAG-1,0,CD4+ T cells,661,1991.0,3.5660472
CAACCGCTTTGAGC-1,0,CD4+ T cells,805,2299.0,2.3923445
CAACGTGAGCCATA-1,1,NK cells,779,1667.0,1.2597481
CAACGTGATCAAGC-1,2,Monocytes,898,2365.0,2.1987314
CAAGAAGACCACAA-1,1,NK cells,830,2021.0,3.6120732
CAAGACTGACCTGA-1,3,B cells,576,1669.0,1.9173158
CAAGCTGATCTATC-1,1,NK cells,852,1960.0,0.86734694
CAAGGACTTCTTTG-1,0,CD4+ T cells,719,1688.0,3.4952607
CAAGGTTGCTCCAC-1,0,CD4+ T cells,763,1896.0,1.7405063
CAAGGTTGTCATTC-1,3,B cells,683,1868.0,3.2655246
CAAGGTTGTCTGGA-1,1,NK cells,957,2040.0,1.9117647
CAAGTCGAAACAGA-1,3,B cells,831,2294.0,4.751526
CAAGTCGATAGCGT-1,2,Monocytes,724,1724.0,3.364269
CAATAAACGCCATA-1,2,Monocytes,354,829.0,3.4981906
CAATAATGAACTGC-1,2,Monocytes,763,2255.0,3.1042128
CAATATGACCTTCG-1,1,NK cells,749,1878.0,1.8104367
CAATATGACGTTAG-1,0,CD4+ T cells,626,1691.0,3.2525134
CAATTCACCCAACA-1,1,NK cells,736,1845.0,3.0352304
CAATTCACGATAGA-1,0,CD4+ T cells,835,2479.0,1.573215
CAATTCACTTGTGG-1,0,CD4+ T cells,402,1032.0,1.7441862
CAATTCTGGCGTAT-1,2,Monocytes,699,1684.0,3.7410927
CACAACGATACGAC-1,0,CD4+ T cells,755,2405.0,2.8690228
CACAATCTTGTTCT-1,0,CD4+ T cells,697,1547.0,1.9392374
CACACCTGCTTGAG-1,0,CD4+ T cells,637,1594.0,1.0037642
CACACCTGTATGGC-1,0,CD4+ T cells,666,1875.0,4.7466664
CACAGAACCCTTGC-1,3,B cells,846,2019.0,3.0212977
CACAGATGGTTTCT-1,2,Monocytes,831,2090.0,1.5311005
CACAGCCTTGCCAA-1,2,Monocytes,942,2294.0,2.9206626
CACATACTACAGCT-1,0,CD4+ T cells,712,1854.0,1.5641855
CACATGGAAGTCGT-1,0,CD4+ T cells,725,2453.0,2.4459844
CACCACTGCCAACA-1,0,CD4+ T cells,745,2259.0,2.0805666
CACCACTGGCGAAG-1,1,NK cells,921,2221.0,1.4407924
CACCCATGTTCTGT-1,0,CD4+ T cells,333,561.0,4.456328
CACCGGGACTTGCC-1,1,NK cells,724,1792.0,4.966518
CACCGGGATTCGGA-1,1,NK cells,929,2329.0,3.6066983
CACCGTACTAAGGA-1,3,B cells,601,1657.0,2.4743512
CACCTGACACCCAA-1,1,NK cells,908,2229.0,1.8393898
CACCTGACCAGAAA-1,0,CD4+ T cells,658,1695.0,2.182891
CACCTGACCTCAAG-1,1,NK cells,775,1929.0,2.1254535
CACCTGACGAAAGT-1,3,B cells,724,1807.0,1.3281683
CACCTGACTCGTAG-1,0,CD4+ T cells,753,2118.0,2.6440036
CACGAAACTTCCGC-1,3,B cells,741,2111.0,1.705353
CACGACCTCGATAC-1,3,B cells,690,1766.0,2.1517553
CACGCTACAGAAGT-1,0,CD4+ T cells,379,684.0,3.2163744
CACGCTACTGTTCT-1,3,B cells,608,1448.0,2.3480663
CACGGGACATAAGG-1,0,CD4+ T cells,777,2340.0,1.5811967
CACGGGTGCTTCGC-1,1,NK cells,827,1790.0,1.2290503
CACGGGTGGAGGAC-1,1,NK cells,709,1595.0,2.445141
CACGGGTGTGTTTC-1,0,CD4+ T cells,385,897.0,1.0033444
CACTAACTCCTAAG-1,3,B cells,690,1605.0,1.8068535
CACTAACTGAAAGT-1,0,CD4+ T cells,769,2280.0,1.1403508
CACTAGGATGATGC-1,3,B cells,554,1219.0,2.0508614
CACTATACGTTTGG-1,1,NK cells,761,1840.0,2.771739
CACTGAGACAGTCA-1,2,Monocytes,367,727.0,3.8514442
CACTGCACTTCATC-1,0,CD4+ T cells,731,1917.0,2.4517474
CACTTAACCGAATC-1,0,CD4+ T cells,832,2253.0,4.837994
CACTTAACCGTACA-1,3,B cells,675,1522.0,2.6938238
CACTTTGACTCTAT-1,1,NK cells,652,1552.0,2.1907215
CACTTTGAGCTGTA-1,1,NK cells,418,802.0,1.4962593
CAGAAGCTCTCAAG-1,0,CD4+ T cells,727,2256.0,1.7730497
CAGACATGAACGGG-1,0,CD4+ T cells,745,2327.0,1.2892135
CAGACCCTAATGCC-1,0,CD4+ T cells,863,2292.0,4.886562
CAGATCGAATGTCG-1,3,B cells,721,2192.0,4.379562
CAGATCGACCTGAA-1,1,NK cells,432,921.0,3.4744844
CAGATGACATTCTC-1,1,NK cells,1006,2047.0,2.6380067
CAGCAATGGAGGGT-1,1,NK cells,840,1698.0,1.8256773
CAGCAATGGTGCTA-1,0,CD4+ T cells,840,2290.0,1.5720524
CAGCAATGTCTACT-1,2,Monocytes,819,2374.0,2.653749
CAGCAATGTGACCA-1,0,CD4+ T cells,699,1911.0,1.1512297
CAGCAATGTGAGGG-1,2,Monocytes,489,1078.0,2.4118738
CAGCACCTAAGCCT-1,0,CD4+ T cells,665,1808.0,2.3783185
CAGCACCTAGGCGA-1,0,CD4+ T cells,576,1447.0,2.349689
CAGCATGAGACGTT-1,1,NK cells,826,2157.0,4.0797405
CAGCCTTGCTACCC-1,2,Monocytes,738,1842.0,2.605863
CAGCGGACACCCTC-1,0,CD4+ T cells,686,1885.0,2.3342175
CAGCGGACCTTTAC-1,1,NK cells,874,2174.0,2.529899
CAGCTAGATGTGAC-1,2,Monocytes,560,1263.0,4.1963577
CAGCTCTGAGGCGA-1,0,CD4+ T cells,766,1959.0,1.123022
CAGCTCTGCAAGCT-1,1,NK cells,710,1570.0,1.1464968
CAGCTCTGTGTGGT-1,1,NK cells,1054,2170.0,1.843318
CAGGAACTAACTGC-1,1,NK cells,805,2077.0,2.407318
CAGGAACTCTCAGA-1,2,Monocytes,724,1752.0,1.5981736
CAGGCCGAACGACT-1,0,CD4+ T cells,575,1194.0,2.7638192
CAGGCCGAATCTCT-1,2,Monocytes,838,2444.0,1.2684125
CAGGCCGACTAGCA-1,3,B cells,865,2346.0,2.4296675
CAGGGCACCATACG-1,3,B cells,546,1318.0,2.8072839
CAGGGCACCCAACA-1,0,CD4+ T cells,811,2241.0,2.2757697
CAGGGCACTCCCGT-1,0,CD4+ T cells,884,2293.0,1.2211077
CAGGTAACAGACTC-1,2,Monocytes,886,2472.0,2.10356
CAGGTATGAGTCGT-1,0,CD4+ T cells,791,2135.0,1.3583138
CAGTGATGGACGGA-1,3,B cells,644,1530.0,1.2418301
CAGTGATGGCTAAC-1,1,NK cells,763,1549.0,3.0342157
CAGTGATGTAAGGA-1,3,B cells,800,2269.0,1.7188189
CAGTGATGTACGCA-1,0,CD4+ T cells,359,1015.0,3.1527095
CAGTGTGATGTCAG-1,0,CD4+ T cells,624,2050.0,1.4634147
CAGTTACTGATAGA-1,0,CD4+ T cells,800,2192.0,1.5510949
CAGTTGGACATACG-1,0,CD4+ T cells,833,2445.0,1.7995911
CAGTTTACCCCAAA-1,0,CD4+ T cells,616,1940.0,2.0103092
CATAAAACGGAGCA-1,2,Monocytes,822,2351.0,3.3602722
CATAAATGAACTGC-1,0,CD4+ T cells,647,2063.0,2.7144935
CATACTACCTCGAA-1,0,CD4+ T cells,618,1778.0,1.743532
CATACTACCTGAAC-1,0,CD4+ T cells,734,2431.0,0.6993007
CATACTACGTACCA-1,2,Monocytes,618,1618.0,0.98887515
CATATAGATCAGGT-1,3,B cells,723,1871.0,2.4585783
CATCAGGACTTCCG-1,1,NK cells,771,1528.0,2.552356
CATCAGGATAGCCA-1,1,NK cells,738,1501.0,1.8654231
CATCAGGATTTCGT-1,2,Monocytes,614,1400.0,4.142857
CATCATACGGAGCA-1,3,B cells,615,1486.0,3.230148
CATCATACTCAAGC-1,0,CD4+ T cells,848,2456.0,1.5879478
CATCGCTGTGGCAT-1,3,B cells,677,1963.0,1.1207336
CATCTCCTATGTGC-1,3,B cells,827,2009.0,2.6381283
CATCTCCTCGAACT-1,2,Monocytes,804,1858.0,2.4219592
CATGAGACACGGGA-1,3,B cells,395,748.0,3.7433155
CATGAGACGTTGAC-1,1,NK cells,843,1760.0,3.4659092
CATGAGACTCGCCT-1,0,CD4+ T cells,493,1155.0,0.43290043
CATGCCACGGGTGA-1,0,CD4+ T cells,741,2421.0,3.7587774
CATGCCACTGCCAA-1,0,CD4+ T cells,941,2396.0,2.54591
CATGCGCTCAGATC-1,2,Monocytes,742,2056.0,2.8210115
CATGGCCTAGGGTG-1,2,Monocytes,559,1347.0,2.5241277
CATGTACTATCGTG-1,1,NK cells,740,1619.0,1.9765288
CATGTTACAGTCGT-1,1,NK cells,781,2188.0,1.9195613
CATGTTACCTGAGT-1,0,CD4+ T cells,819,2259.0,1.770695
CATGTTTGGGGATG-1,2,Monocytes,813,2193.0,2.0975833
CATTACACACGGAG-1,3,B cells,578,1480.0,3.9864864
CATTACACCAACTG-1,1,NK cells,1022,2360.0,3.4745765
CATTACACTACTCT-1,0,CD4+ T cells,824,2440.0,1.8852459
CATTGACTAGCGGA-1,2,Monocytes,757,1915.0,2.8198433
CATTGGGACTCGAA-1,0,CD4+ T cells,638,1397.0,3.1496062
CATTGTACAGCGTT-1,0,CD4+ T cells,830,2233.0,2.23914
CATTGTACTCGATG-1,3,B cells,713,1857.0,1.6155088
CATTGTACTTATCC-1,0,CD4+ T cells,609,1617.0,2.9066172
CATTGTTGCTAGTG-1,0,CD4+ T cells,680,2170.0,1.4746544
CATTTCGACTCTAT-1,1,NK cells,769,1792.0,2.9017856
CATTTGACCACACA-1,1,NK cells,731,1688.0,2.9028437
CATTTGACCCTGAA-1,1,NK cells,804,1729.0,1.3880856
CATTTGTGACGACT-1,3,B cells,781,2456.0,1.7100977
CATTTGTGCGGAGA-1,0,CD4+ T cells,735,2444.0,3.7643209
CATTTGTGGGATCT-1,3,B cells,835,2461.0,1.6253555
CCAAAGTGTGAGAA-1,2,Monocytes,472,1051.0,2.0932446
CCAACCTGAAGTAG-1,1,NK cells,879,2140.0,0.74766356
CCAAGAACCCAATG-1,0,CD4+ T cells,661,1742.0,1.6647531
CCAAGAACGTGTCA-1,0,CD4+ T cells,748,2333.0,1.285898
CCAAGAACTACTGG-1,1,NK cells,845,1767.0,2.320317
CCAAGAACTCCTAT-1,3,B cells,393,840.0,0.71428573
CCAAGATGTCATTC-1,0,CD4+ T cells,675,1718.0,0.9895227
CCAAGATGTTTCAC-1,0,CD4+ T cells,843,2099.0,1.9533111
CCACCATGAACGTC-1,0,CD4+ T cells,760,2186.0,1.9213176
CCACCATGATCGGT-1,0,CD4+ T cells,735,2497.0,1.4817781
CCACCATGGGGAGT-1,0,CD4+ T cells,752,2050.0,1.1707317
CCACCATGTCCTGC-1,1,NK cells,940,2158.0,1.7145505
CCACTGACCCGCTT-1,2,Monocytes,705,1953.0,1.843318
CCACTGTGGGAAGC-1,2,Monocytes,405,866.0,4.272517
CCACTGTGTGTAGC-1,0,CD4+ T cells,690,2306.0,2.6886382
CCAGAAACCCTGTC-1,3,B cells,544,1200.0,1.1666666
CCAGACCTCTGAGT-1,2,Monocytes,388,795.0,2.3899372
CCAGACCTTGTGGT-1,0,CD4+ T cells,560,1460.0,2.0547945
CCAGCGGAAAGGCG-1,2,Monocytes,640,1572.0,2.226463
CCAGCGGACGACTA-1,2,Monocytes,886,2454.0,2.0782397
CCAGCTACACAGTC-1,0,CD4+ T cells,689,1758.0,1.592719
CCAGCTACCAGCTA-1,3,B cells,524,1099.0,1.9108281
CCAGGTCTACACCA-1,3,B cells,606,1369.0,2.9218407
CCAGGTCTAGCATC-1,2,Monocytes,802,1805.0,1.7174516
CCAGTCACACTGTG-1,3,B cells,753,1762.0,1.3053348
CCAGTCACGTTGTG-1,0,CD4+ T cells,770,2152.0,1.16171
CCATCCGAAAGCAA-1,0,CD4+ T cells,786,2457.0,3.663004
CCATCCGAACGACT-1,0,CD4+ T cells,445,930.0,2.580645
CCATCCGAAGGTTC-1,3,B cells,703,1806.0,1.2735326
CCATCCGATTCGCC-1,2,Monocytes,593,1314.0,3.1202435
CCATCGTGAACGGG-1,0,CD4+ T cells,875,2207.0,1.6764839
CCCAACACGCATCA-1,0,CD4+ T cells,798,2201.0,1.4084507
CCCAACTGCAATCG-1,2,Monocytes,415,853.0,1.6412661
CCCAGTTGGGTACT-1,0,CD4+ T cells,745,1757.0,2.561184
CCCAGTTGTCTATC-1,3,B cells,727,1925.0,1.6623375
CCCGATTGTGTTTC-1,0,CD4+ T cells,799,2273.0,3.2116146
CCCGGAGAAGGGTG-1,2,Monocytes,490,1019.0,1.6683023
CCCTACGAATTGGC-1,2,Monocytes,767,1865.0,1.3404826
CCCTAGTGCAAAGA-1,0,CD4+ T cells,943,2448.0,2.1241832
CCCTCAGACACTTT-1,3,B cells,808,2070.0,1.7391304
CCCTCAGAGGTCAT-1,0,CD4+ T cells,664,2024.0,1.6304348
CCCTGAACTAAAGG-1,3,B cells,569,1533.0,1.9569471
CCCTGATGCAAGCT-1,3,B cells,727,1846.0,1.8959913
CCCTTACTGCAGTT-1,1,NK cells,457,973.0,1.8499486
CCGACTACCGTGTA-1,0,CD4+ T cells,525,1456.0,1.923077
CCGACTACTGAGGG-1,0,CD4+ T cells,878,2372.0,1.7284992
CCGATAGACCTAAG-1,0,CD4+ T cells,525,1638.0,2.5030525
CCGCGAGACACACA-1,2,Monocytes,778,2109.0,3.4139402
CCGCGAGAGGTTCA-1,1,NK cells,772,1965.0,1.9847327
CCGCTATGGGACGA-1,3,B cells,819,2000.0,2.5
CCGGTACTGTCCTC-1,0,CD4+ T cells,856,2496.0,2.4038463
CCGTACACAAGCAA-1,0,CD4+ T cells,715,1745.0,1.5472779
CCGTACACAGCGTT-1,3,B cells,793,2007.0,1.2954658
CCGTACACGTCATG-1,1,NK cells,837,2076.0,2.938343
CCGTACACTAACGC-1,1,NK cells,764,2042.0,3.9177277
CCTAAACTTTCGTT-1,0,CD4+ T cells,834,2353.0,0.93497664
CCTAAGGACCCAAA-1,0,CD4+ T cells,677,2056.0,1.7509726
CCTAAGGACTAGCA-1,2,Monocytes,625,1516.0,3.6939316
CCTAAGGAGGGCAA-1,1,NK cells,420,796.0,2.5125628
CCTACCGACTCTTA-1,0,CD4+ T cells,679,1893.0,1.5847859
CCTACCGAGGGATG-1,3,B cells,811,2344.0,1.6638225
CCTAGAGAGGTGAG-1,3,B cells,546,1388.0,1.4409221
CCTATAACGAGACG-1,2,Monocytes,587,1506.0,2.3904383
CCTATAACTGCATG-1,2,Monocytes,669,1721.0,2.0918071
CCTCGAACACTTTC-1,1,NK cells,813,1644.0,1.946472
CCTCGAACCCGTAA-1,2,Monocytes,780,2060.0,2.1844661
CCTCGAACGTATCG-1,0,CD4+ T cells,649,1619.0,2.594194
CCTCTACTGGCATT-1,0,CD4+ T cells,701,2176.0,1.5165441
CCTGACTGAAGTAG-1,1,NK cells,792,2128.0,3.2424812
CCTGACTGTGTCTT-1,3,B cells,667,1619.0,3.8912911
CCTGCAACACGTTG-1,2,Monocytes,804,2096.0,2.2900765
CCTGGACTCGTGAT-1,0,CD4+ T cells,593,1354.0,1.4032496
CCTTAATGCCCAAA-1,3,B cells,740,1853.0,1.9967619
CCTTCACTACGACT-1,0,CD4+ T cells,859,2168.0,1.3837638
CCTTCACTCAGTCA-1,3,B cells,685,1420.0,2.8169014
CCTTCACTGGAGTG-1,2,Monocytes,596,1657.0,2.051901
CGAACATGCCCTAC-1,2,Monocytes,859,2322.0,2.4978466
CGAACATGTCAGAC-1,0,CD4+ T cells,775,2211.0,1.4473089
CGAAGACTGGAACG-1,1,NK cells,947,2444.0,2.782324
CGAAGACTGTTACG-1,0,CD4+ T cells,689,1737.0,2.8209555
CGAAGGGAAACCTG-1,1,NK cells,907,2158.0,1.2048192
CGAAGGGATCCGAA-1,3,B cells,734,1837.0,1.9597169
CGAAGTACCAACTG-1,3,B cells,621,1565.0,2.4920127
CGAATCGAGGAGCA-1,2,Monocytes,336,581.0,3.2702236
CGACAAACCGACAT-1,3,B cells,812,2098.0,1.2869399
CGACCACTAAAGTG-1,1,NK cells,941,1934.0,2.016546
CGACCACTGCCAAT-1,1,NK cells,943,1850.0,2.9729729
CGACCTTGCTAGTG-1,0,CD4+ T cells,767,1977.0,0.9104704
CGACGTCTATCGTG-1,1,NK cells,701,2043.0,2.349486
CGACGTCTCGTGTA-1,0,CD4+ T cells,692,1954.0,2.2517912
CGACGTCTGAGGCA-1,0,CD4+ T cells,423,1057.0,1.3245033
CGACTCACGTCGTA-1,0,CD4+ T cells,775,2160.0,2.3148148
CGACTCACGTTGCA-1,0,CD4+ T cells,500,1093.0,3.1107047
CGACTGCTTCCTCG-1,2,Monocytes,812,2015.0,1.5880893
CGAGAACTAAGGCG-1,1,NK cells,728,1913.0,2.6659698
CGAGAACTACGTTG-1,0,CD4+ T cells,616,1842.0,2.8230186
CGAGATTGGACACT-1,1,NK cells,835,1943.0,1.4925373
CGAGATTGGCCATA-1,1,NK cells,454,1042.0,2.6871402
CGAGCCGAACACCA-1,0,CD4+ T cells,812,2385.0,3.1027253
CGAGCCGAGGCGAA-1,0,CD4+ T cells,769,2447.0,3.2693093
CGAGCGTGTATGCG-1,2,Monocytes,628,1530.0,3.660131
CGAGGAGACCTCCA-1,3,B cells,649,1531.0,2.2860875
CGAGGAGATGTCGA-1,0,CD4+ T cells,452,1069.0,3.3676333
CGAGGCACCTATGG-1,1,NK cells,754,1975.0,1.8734177
CGAGGCACTCTTCA-1,1,NK cells,776,1827.0,1.9157088
CGAGGCTGACGCTA-1,1,NK cells,670,1373.0,1.9664967
CGAGGGCTACGACT-1,3,B cells,599,1663.0,2.1046302
CGAGGGCTCGAATC-1,0,CD4+ T cells,431,905.0,2.8729281
CGATACGATTCACT-1,3,B cells,731,2023.0,1.4335146
CGATAGACCCGTAA-1,2,Monocytes,533,1222.0,3.6824877
CGATAGACCGTACA-1,0,CD4+ T cells,926,2090.0,0.76555026
CGATAGACGTAGGG-1,2,Monocytes,725,1830.0,3.0054646
CGATAGACTGTTCT-1,0,CD4+ T cells,559,1299.0,2.3094687
CGATCAGAAGAACA-1,1,NK cells,870,2199.0,2.1828103
CGATCCACTTCCAT-1,3,B cells,326,591.0,2.0304568
CGCAAATGCTCGAA-1,0,CD4+ T cells,428,1012.0,4.644269
CGCAACCTCCTTGC-1,0,CD4+ T cells,808,2312.0,1.5138408
CGCAACCTGGACGA-1,0,CD4+ T cells,821,2322.0,1.9810508
CGCACGGAGGACGA-1,3,B cells,554,1171.0,2.4765158
CGCACGGATCTTTG-1,0,CD4+ T cells,596,1932.0,3.2091095
CGCACTACAGAATG-1,0,CD4+ T cells,680,1864.0,1.2339056
CGCACTACTCGCCT-1,3,B cells,566,1284.0,2.0249221
CGCACTACTCGTGA-1,0,CD4+ T cells,879,2071.0,2.3660069
CGCAGGACAGATCC-1,1,NK cells,823,2213.0,3.3890646
CGCAGGACCTACTT-1,0,CD4+ T cells,447,1067.0,1.8744143
CGCAGGTGGGAACG-1,0,CD4+ T cells,942,2280.0,2.8070176
CGCATAGATCACGA-1,2,Monocytes,462,955.0,1.1518325
CGCCATTGCTATGG-1,0,CD4+ T cells,738,1794.0,1.7837236
CGCCATTGGAGACG-1,0,CD4+ T cells,804,2288.0,1.6608391
CGCCATTGGAGCAG-1,3,B cells,775,2024.0,4.5948615
CGCCATTGTACTGG-1,3,B cells,726,1687.0,1.8968585
CGCCGAGAGCTTAG-1,1,NK cells,993,2047.0,1.6121153
CGCGAGACACAGCT-1,0,CD4+ T cells,798,2246.0,3.2502227
CGCGAGACGCTACA-1,0,CD4+ T cells,786,1969.0,1.6759777
CGCGATCTGTTGAC-1,2,Monocytes,743,2110.0,2.606635
CGCGATCTTTCTTG-1,3,B cells,761,2394.0,2.3391814
CGCGGATGGCCAAT-1,0,CD4+ T cells,838,2266.0,1.2797881
CGCTACTGAGAACA-1,0,CD4+ T cells,846,2461.0,1.0158472
CGCTACTGTGAGCT-1,0,CD4+ T cells,687,1926.0,0.8307373
CGCTACTGTTCCCG-1,1,NK cells,672,1368.0,3.1432748
CGCTCATGCATTTC-1,2,Monocytes,629,1469.0,2.2464263
CGGAATTGGTTTGG-1,0,CD4+ T cells,725,1897.0,2.266737
CGGAATTGTGGAGG-1,0,CD4+ T cells,660,1544.0,0.71243525
CGGACCGATGCGTA-1,1,NK cells,809,1835.0,1.307902
CGGACCGATGGGAG-1,0,CD4+ T cells,469,985.0,2.6395938
CGGACTCTAAACAG-1,3,B cells,600,1659.0,1.98915
CGGACTCTCCAATG-1,0,CD4+ T cells,812,2003.0,2.1967049
CGGACTCTCCTCGT-1,1,NK cells,856,1875.0,1.8133333
CGGAGGCTATTCCT-1,0,CD4+ T cells,397,848.0,4.8349056
CGGATAACAGCTCA-1,0,CD4+ T cells,882,2432.0,1.3157895
CGGATAACTCAGTG-1,2,Monocytes,449,959.0,2.3983316
CGGCACGAACTCAG-1,1,NK cells,890,2271.0,3.6547775
CGGCACGAAGGGTG-1,0,CD4+ T cells,823,2437.0,3.0365202
CGGCATCTTAGAAG-1,1,NK cells,823,1982.0,2.320888
CGGCCAGAAAGGTA-1,0,CD4+ T cells,741,2077.0,2.407318
CGGCCAGAGAGGCA-1,1,NK cells,999,2410.0,2.3236516
CGGCGAACGACAAA-1,1,NK cells,790,1589.0,0.88105726
CGGCGAACGGTCTA-1,0,CD4+ T cells,878,2498.0,1.5612489
CGGCGAACTACTTC-1,1,NK cells,778,1729.0,2.0242915
CGGGACTGGAATAG-1,1,NK cells,815,2013.0,3.3780427
CGGGCATGACCCAA-1,4,Megakaryocytes,465,1032.0,4.6511626
CGGGCATGTTGTGG-1,0,CD4+ T cells,743,2197.0,1.6385982
CGGTCACTGTTTGG-1,0,CD4+ T cells,807,2140.0,1.8224299
CGTACCACACACAC-1,0,CD4+ T cells,805,2085.0,1.7266188
CGTACCACACGTTG-1,0,CD4+ T cells,676,2159.0,1.4821676
CGTACCACCTCATT-1,0,CD4+ T cells,828,2382.0,2.225021
CGTACCACGGAGCA-1,0,CD4+ T cells,763,2132.0,1.9699812
CGTACCTGGCATCA-1,1,NK cells,997,2473.0,2.5070765
CGTAGCCTCTCTCG-1,2,Monocytes,852,2311.0,2.0337517
CGTAGCCTGCGAAG-1,0,CD4+ T cells,866,2242.0,1.2042818
CGTCAAGAAAGGTA-1,2,Monocytes,508,1114.0,2.4236984
CGTCAAGACAGGAG-1,1,NK cells,932,2163.0,1.9879798
CGTCGACTTTCCGC-1,1,NK cells,905,2190.0,1.6438355
CGTGATGACGCTAA-1,0,CD4+ T cells,494,909.0,1.870187
CGTGATGAGGTTCA-1,0,CD4+ T cells,710,1749.0,3.2018297
CGTGTAGAAAAACG-1,0,CD4+ T cells,795,2028.0,2.1696253
CGTGTAGACGATAC-1,1,NK cells,787,1654.0,1.4510278
CGTGTAGAGTTACG-1,1,NK cells,951,2075.0,1.7831326
CGTGTAGAGTTCAG-1,2,Monocytes,720,1890.0,1.7460319
CGTGTAGATTCGGA-1,1,NK cells,842,1674.0,1.6129031
CGTTAGGAAACCAC-1,0,CD4+ T cells,890,2243.0,2.0062418
CGTTATACCCTGAA-1,1,NK cells,1005,2389.0,3.2649643
CTAACACTAGTGCT-1,2,Monocytes,894,2355.0,2.2929935
CTAACGGAACCGAT-1,1,NK cells,997,1999.0,1.5507754
CTAACGGATTTCTG-1,0,CD4+ T cells,770,2257.0,1.3735046
CTAACTACGGCAAG-1,1,NK cells,554,1287.0,1.2432013
CTAAGGACACCATG-1,0,CD4+ T cells,806,2135.0,2.6697893
CTAAGGTGCCTAAG-1,3,B cells,452,1111.0,1.8001801
CTAAGGTGTTTCTG-1,0,CD4+ T cells,426,1009.0,0.89197224
CTAATAGAGCTATG-1,0,CD4+ T cells,239,600.0,0.16666667
CTAATGCTTGTGGT-1,2,Monocytes,829,2067.0,2.8543782
CTACAACTCCCGTT-1,1,NK cells,895,2194.0,2.0510483
CTACCTCTCAACCA-1,1,NK cells,787,2334.0,0.8140531
CTACGCACTGGTCA-1,1,NK cells,1015,2471.0,2.0639417
CTACTATGATGTGC-1,2,Monocytes,650,1663.0,2.3451593
CTACTATGTAAAGG-1,3,B cells,549,1265.0,2.5296443
CTACTCCTATGTCG-1,1,NK cells,1052,2181.0,1.8340211
CTACTCCTGCCATA-1,0,CD4+ T cells,307,586.0,3.7542663
CTAGAGACAGCATC-1,1,NK cells,907,2206.0,0.8159565
CTAGATCTCTCTAT-1,0,CD4+ T cells,731,1822.0,1.8111964
CTAGATCTTCGACA-1,0,CD4+ T cells,897,2392.0,1.4214047
CTAGGATGATCGTG-1,3,B cells,762,2159.0,1.7137563
CTAGGCCTCTCAGA-1,0,CD4+ T cells,712,1998.0,0.2002002
CTAGTTACCGCATA-1,0,CD4+ T cells,864,2360.0,2.20339
CTAGTTACGAAACA-1,1,NK cells,968,2247.0,2.269693
CTATACTGAGGTTC-1,2,Monocytes,331,732.0,0.40983605
CTATACTGCGCTAA-1,2,Monocytes,734,1857.0,1.6155088
CTATACTGCTACGA-1,1,NK cells,948,2130.0,1.8779343
CTATACTGTCTCAT-1,1,NK cells,842,1774.0,4.002255
CTATAGCTGTCACA-1,0,CD4+ T cells,661,2124.0,1.977401
CTATAGCTTGCCTC-1,2,Monocytes,912,2498.0,3.4027224
CTATCAACTTTGGG-1,0,CD4+ T cells,683,2057.0,3.3543997
CTATCCCTCCACCT-1,2,Monocytes,823,2173.0,2.2089279
CTATGTACGCTTAG-1,0,CD4+ T cells,695,2074.0,1.9286404
CTATGTTGTCCTCG-1,0,CD4+ T cells,574,1635.0,1.4067278
CTATTGACAAACGA-1,2,Monocytes,571,1289.0,4.2668734
CTATTGTGGCAAGG-1,0,CD4+ T cells,671,1939.0,3.6101084
CTCAATTGGTTGCA-1,2,Monocytes,747,1908.0,3.1446543
CTCAGCACTCTAGG-1,0,CD4+ T cells,896,2344.0,2.0051193
CTCAGCACTGAACC-1,2,Monocytes,489,1153.0,1.4744146
CTCAGCACTTGCAG-1,0,CD4+ T cells,643,1860.0,1.5591397
CTCAGCTGCAGTTG-1,0,CD4+ T cells,820,2342.0,2.4765158
CTCAGGCTGCTAAC-1,0,CD4+ T cells,550,1198.0,1.6694492
CTCCATCTCTTAGG-1,0,CD4+ T cells,727,2109.0,1.185396
CTCCGAACAAGTGA-1,2,Monocytes,998,2446.0,2.248569
CTCCTACTGCCTTC-1,2,Monocytes,563,1292.0,3.7151701
CTCGAAGATTAGGC-1,2,Monocytes,903,2373.0,0.96923727
CTCGACTGCTCTAT-1,0,CD4+ T cells,516,1144.0,1.048951
CTCGACTGGGTGAG-1,0,CD4+ T cells,754,2023.0,1.7301037
CTCGACTGGTTGAC-1,1,NK cells,879,1814.0,2.2601984
CTCGAGCTCTGGAT-1,1,NK cells,588,1157.0,0.9507347
CTCGCATGACTTTC-1,1,NK cells,740,1839.0,4.295813
CTCGCATGCTTAGG-1,0,CD4+ T cells,798,2190.0,3.5616438
CTCTAAACCTCGAA-1,0,CD4+ T cells,798,2272.0,1.056338
CTCTAAACGGCGAA-1,0,CD4+ T cells,653,2003.0,1.747379
CTCTAATGTCCAAG-1,2,Monocytes,902,2339.0,2.9927318
CTGAACGATGAGGG-1,0,CD4+ T cells,724,1538.0,2.340702
CTGAAGACGTGCAT-1,3,B cells,891,2300.0,2.5652175
CTGAAGTGCAGCTA-1,3,B cells,653,1717.0,1.3395457
CTGAAGTGGCTATG-1,0,CD4+ T cells,714,1891.0,0.84611315
CTGAATCTGAATAG-1,0,CD4+ T cells,877,2023.0,1.8783984
CTGACCACAGCAAA-1,0,CD4+ T cells,824,2478.0,0.8071025
CTGAGAACGTAAAG-1,1,NK cells,740,1420.0,1.7605635
CTGATACTAGTAGA-1,0,CD4+ T cells,692,2229.0,1.615074
CTGCCAACCAGCTA-1,0,CD4+ T cells,816,2211.0,1.2663953
CTGCCAACTAACCG-1,2,Monocytes,795,2264.0,2.0318022
CTGCCAACTGCTCC-1,1,NK cells,795,1870.0,2.7272727
CTGCCAACTTGCAG-1,0,CD4+ T cells,760,2344.0,3.242321
CTGCCAACTTGCTT-1,1,NK cells,886,2332.0,2.2727273
CTGCGACTCCACCT-1,0,CD4+ T cells,349,688.0,3.4883723
CTGGAAACAAACGA-1,1,NK cells,868,2367.0,2.8728347
CTGGAAACATCGAC-1,0,CD4+ T cells,842,2151.0,1.3947002
CTGGATGACTGGAT-1,1,NK cells,819,2037.0,2.7982326
CTGGATGACTTGTT-1,0,CD4+ T cells,626,1457.0,4.1180506
CTGGATGATGTGAC-1,0,CD4+ T cells,418,869.0,1.6110473
CTGTAACTAACCAC-1,0,CD4+ T cells,838,2167.0,2.9533918
CTGTAACTAGCGTT-1,0,CD4+ T cells,723,1983.0,0.9581442
CTGTATACGTAAAG-1,0,CD4+ T cells,436,979.0,2.042901
CTGTATACGTTGGT-1,0,CD4+ T cells,724,1828.0,0.8752735
CTGTGAGACCTTGC-1,1,NK cells,719,1662.0,4.211793
CTGTGAGACGAACT-1,2,Monocytes,843,2277.0,1.3614405
CTTAAAGAACCTGA-1,0,CD4+ T cells,696,2297.0,1.5672617
CTTAACACCTGTAG-1,0,CD4+ T cells,885,2068.0,1.6924566
CTTAACACTATCGG-1,3,B cells,627,1748.0,2.2883296
CTTAAGCTACCTAG-1,0,CD4+ T cells,809,2362.0,2.0745132
CTTAAGCTAGTACC-1,0,CD4+ T cells,423,920.0,1.7391304
CTTAAGCTCATCAG-1,0,CD4+ T cells,729,1860.0,3.064516
CTTAAGCTCCGCTT-1,3,B cells,853,2374.0,2.990733
CTTACAACTAACGC-1,0,CD4+ T cells,855,2369.0,1.7306881
CTTACAACTCCCGT-1,2,Monocytes,608,1505.0,1.1960133
CTTACTGACGTACA-1,0,CD4+ T cells,627,1857.0,2.2078621
CTTAGACTAAACGA-1,0,CD4+ T cells,823,2396.0,1.293823
CTTAGGGAGAATCC-1,0,CD4+ T cells,575,1638.0,2.3199024
CTTATCGACTCATT-1,0,CD4+ T cells,743,1966.0,1.9328587
CTTCATGAAGCATC-1,3,B cells,681,1927.0,1.7644007
CTTCATGAAGTACC-1,0,CD4+ T cells,544,1324.0,1.8882176
CTTCATGACCGAAT-1,1,NK cells,422,937.0,3.5218782
CTTGAACTACGCAT-1,0,CD4+ T cells,731,2077.0,1.6369764
CTTGATTGAGGTTC-1,1,NK cells,920,2005.0,1.6957605
CTTGATTGATCTTC-1,4,Megakaryocytes,761,2094.0,2.531041
CTTGATTGCATTCT-1,0,CD4+ T cells,884,2276.0,2.9437609
CTTGTATGACACCA-1,3,B cells,784,2020.0,1.2871287
CTTGTATGCGCAAT-1,3,B cells,496,1035.0,1.9323671
CTTTACGAGCGAAG-1,0,CD4+ T cells,573,1483.0,4.045853
CTTTAGACCGTGAT-1,0,CD4+ T cells,521,1507.0,2.5215662
CTTTAGACGAGACG-1,0,CD4+ T cells,663,2251.0,2.087961
CTTTAGTGACGGGA-1,1,NK cells,978,2214.0,2.0325203
CTTTAGTGGGTGGA-1,0,CD4+ T cells,590,1648.0,1.57767
CTTTCAGAGAAACA-1,0,CD4+ T cells,905,2496.0,1.3621795
CTTTGATGAGCACT-1,0,CD4+ T cells,695,2020.0,1.3861386
CTTTGATGTCTAGG-1,0,CD4+ T cells,816,1935.0,2.9457364
CTTTGATGTGTGGT-1,0,CD4+ T cells,816,2490.0,1.6465863
GAAACAGAACTACG-1,0,CD4+ T cells,753,1960.0,1.377551
GAAACAGAATCACG-1,0,CD4+ T cells,791,2180.0,2.0183487
GAAACCTGATCGTG-1,0,CD4+ T cells,813,2487.0,1.367109
GAAACCTGATGCCA-1,0,CD4+ T cells,841,2390.0,2.2175734
GAAACCTGTGCTAG-1,0,CD4+ T cells,716,1723.0,1.683111
GAAAGATGCTTCGC-1,2,Monocytes,741,2316.0,0.9930915
GAAAGATGTAAGGA-1,0,CD4+ T cells,296,651.0,4.1474657
GAAAGCCTACGTTG-1,3,B cells,738,2282.0,1.8404908
GAAATACTACCAAC-1,0,CD4+ T cells,283,561.0,1.604278
GAAATACTCTTAGG-1,3,B cells,703,2039.0,2.3540952
GAAATACTTCCTCG-1,0,CD4+ T cells,842,2036.0,1.6699411
GAACACACTGCCTC-1,0,CD4+ T cells,676,2168.0,4.0590405
GAACCAACCACAAC-1,0,CD4+ T cells,380,863.0,1.506373
GAACCAACTTCCGC-1,1,NK cells,799,1610.0,2.0496893
GAACCTGAGAGACG-1,0,CD4+ T cells,878,2490.0,0.8032128
GAACGGGATACTTC-1,0,CD4+ T cells,725,2033.0,1.4756517
GAACTGTGCCAGTA-1,2,Monocytes,818,2040.0,1.8137256
GAAGAATGCAATCG-1,0,CD4+ T cells,719,2090.0,2.2488039
GAAGCTACGGTTTG-1,0,CD4+ T cells,837,1763.0,1.8150879
GAAGGGTGAAAGTG-1,0,CD4+ T cells,803,2473.0,0.80873436
GAAGGTCTGAAAGT-1,0,CD4+ T cells,1084,2280.0,0.9649123
GAAGTAGACTCCCA-1,1,NK cells,795,1871.0,2.3516836
GAAGTCACCCTCGT-1,2,Monocytes,771,1853.0,1.5650296
GAAGTCACCCTGTC-1,3,B cells,650,1978.0,2.3761375
GAAGTCTGTCGCAA-1,3,B cells,779,1998.0,2.102102
GAAGTCTGTTCTGT-1,0,CD4+ T cells,648,2244.0,2.4955437
GAAGTGCTAAACGA-1,1,NK cells,817,1806.0,2.9346623
GAATGCACCTTCGC-1,1,NK cells,830,1980.0,2.020202
GAATTAACGATAAG-1,0,CD4+ T cells,783,2136.0,1.2640449
GAATTAACGGTCAT-1,0,CD4+ T cells,756,1914.0,1.7241379
GAATTAACGTCGTA-1,1,NK cells,708,1323.0,1.5117158
GAATTAACTGAAGA-1,3,B cells,976,2481.0,2.095929
GACAACACTCGCCT-1,0,CD4+ T cells,809,2229.0,1.5702108
GACAGGGAAGAGTA-1,3,B cells,662,1574.0,2.858958
GACCAAACGACTAC-1,2,Monocytes,776,2043.0,3.91581
GACCAAACGTATCG-1,2,Monocytes,910,2228.0,2.962298
GACCCTACTAAAGG-1,3,B cells,714,1493.0,1.4735433
GACCTAGACCTCAC-1,0,CD4+ T cells,530,1178.0,4.9235992
GACCTCACAAGGTA-1,0,CD4+ T cells,631,1825.0,1.589041
GACGAACTCCCACT-1,0,CD4+ T cells,755,2191.0,1.4605203
GACGATTGCCAATG-1,3,B cells,573,1186.0,1.5177065
GACGCTCTCTCTCG-1,4,Megakaryocytes,267,683.0,3.2210834
GACGGCACACGGGA-1,1,NK cells,918,1803.0,0.9983361
GACGTAACCTATGG-1,0,CD4+ T cells,849,2218.0,1.3976555
GACGTATGTTTGCT-1,0,CD4+ T cells,840,2410.0,1.120332
GACGTCCTACGGAG-1,0,CD4+ T cells,806,2226.0,1.6621742
GACGTCCTCTCAAG-1,2,Monocytes,904,2413.0,2.6523
GACGTCCTGATAAG-1,3,B cells,788,2256.0,1.5957447
GACTACGATGGTCA-1,3,B cells,778,1874.0,1.7075773
GACTCCTGCTCGCT-1,0,CD4+ T cells,715,1862.0,3.4371643
GACTCCTGTTATCC-1,0,CD4+ T cells,714,1462.0,2.3255813
GACTGAACCAATCG-1,2,Monocytes,767,2301.0,1.1299435
GACTTTACATGCCA-1,0,CD4+ T cells,788,2480.0,0.9274193
GACTTTACGACAGG-1,3,B cells,553,1350.0,1.5555556
GAGAAATGTTCTCA-1,3,B cells,634,2056.0,3.2101166
GAGATGCTCTGGAT-1,1,NK cells,849,2075.0,2.7951808
GAGATGCTGAATGA-1,0,CD4+ T cells,811,1804.0,1.7738359
GAGCAGGATTCCCG-1,1,NK cells,827,1900.0,1.7368422
GAGCGCACGCGTAT-1,2,Monocytes,713,1777.0,2.7574563
GAGCGCACGGTGAG-1,0,CD4+ T cells,484,1056.0,4.6401515
GAGCGCTGAAGATG-1,1,NK cells,783,1631.0,2.8816679
GAGCGCTGTCTTAC-1,2,Monocytes,722,1979.0,1.4653865
GAGCGGCTGGGAGT-1,3,B cells,596,1520.0,2.4342105
GAGGACGACTCAGA-1,0,CD4+ T cells,514,1171.0,1.2809564
GAGGATCTGAAAGT-1,3,B cells,372,717.0,0.41841003
GAGGCAGACTTGCC-1,1,NK cells,925,2239.0,1.2058954
GAGGGAACACCAGT-1,0,CD4+ T cells,747,1677.0,0.5963029
GAGGGAACGAGGGT-1,0,CD4+ T cells,840,1827.0,2.3535852
GAGGGATGGGAAAT-1,0,CD4+ T cells,673,1497.0,2.004008
GAGGGCCTTCACCC-1,0,CD4+ T cells,955,2480.0,2.701613
GAGGTACTACGGTT-1,0,CD4+ T cells,719,2041.0,3.0377266
GAGGTACTACTCAG-1,2,Monocytes,718,1980.0,2.020202
GAGGTACTGACACT-1,1,NK cells,857,1922.0,1.3527576
GAGGTACTGGGAGT-1,0,CD4+ T cells,578,1321.0,0.8327025
GAGGTGGAGTACGT-1,0,CD4+ T cells,594,1515.0,4.092409
GAGGTGGATCCTCG-1,1,NK cells,997,1988.0,1.9617707
GAGGTTTGTAAGCC-1,2,Monocytes,341,684.0,3.362573
GAGTCAACCATTCT-1,0,CD4+ T cells,388,897.0,1.7837236
GAGTCTGATCGTGA-1,0,CD4+ T cells,834,2354.0,1.2744265
GAGTCTGATTTGGG-1,3,B cells,593,1493.0,2.0763564
GAGTGACTCGGTAT-1,1,NK cells,911,2183.0,1.5116812
GAGTGACTCTTGCC-1,3,B cells,738,1833.0,1.5275505
GAGTGACTGACTAC-1,3,B cells,476,1256.0,4.060509
GAGTGACTGTCTAG-1,0,CD4+ T cells,816,2146.0,1.9571295
GAGTGGGAGTCTTT-1,3,B cells,641,1581.0,2.5300443
GAGTGGGATGCCCT-1,0,CD4+ T cells,746,2475.0,2.0606062
GAGTGGGATGCTGA-1,3,B cells,635,1498.0,1.9359145
GAGTGTTGTGGTCA-1,0,CD4+ T cells,801,2044.0,1.6144814
GAGTTGTGCATGGT-1,2,Monocytes,326,693.0,2.7417028
GAGTTGTGCTGAGT-1,1,NK cells,849,2000.0,2.3
GAGTTGTGGCGAGA-1,2,Monocytes,499,1225.0,1.2244898
GAGTTGTGGTAGCT-1,4,Megakaryocytes,865,2422.0,0.9083402
GATAAGGAGAAACA-1,2,Monocytes,487,1139.0,3.072871
GATACTCTATCGGT-1,0,CD4+ T cells,797,2343.0,1.6645327
GATACTCTTGACTG-1,2,Monocytes,756,2146.0,2.6095061
GATAGAGAAGGGTG-1,1,NK cells,850,2063.0,3.1022782
GATATAACACGCAT-1,0,CD4+ T cells,696,2247.0,0.7120605
GATATATGTCCGTC-1,1,NK cells,743,1819.0,1.4843321
GATATCCTAGAAGT-1,0,CD4+ T cells,893,2302.0,1.3032146
GATATCCTCCCGTT-1,2,Monocytes,491,1071.0,1.3071896
GATATTGACAGGAG-1,1,NK cells,744,1736.0,3.6290321
GATATTGAGCCAAT-1,0,CD4+ T cells,767,2424.0,1.4851485
GATCCCTGACCTTT-1,1,NK cells,1050,2213.0,1.0845007
GATCCCTGTGTAGC-1,1,NK cells,853,2324.0,1.4629948
GATCGATGACTAGC-1,3,B cells,555,1137.0,0.87950754
GATCGATGGTAAAG-1,3,B cells,612,1771.0,1.8633541
GATCGTGACACTAG-1,0,CD4+ T cells,789,2252.0,1.731794
GATCGTGATTCACT-1,0,CD4+ T cells,889,2068.0,1.0638298
GATCTACTGGTGAG-1,0,CD4+ T cells,784,1969.0,2.6917217
GATCTACTTTGCAG-1,3,B cells,712,1624.0,1.1699507
GATCTTACGAATAG-1,2,Monocytes,682,1542.0,2.075227
GATCTTACGAGATA-1,2,Monocytes,794,2202.0,2.6793826
GATGCAACTCCAGA-1,0,CD4+ T cells,846,2487.0,0.88459986
GATGCCCTCTCATT-1,0,CD4+ T cells,839,2403.0,1.3732834
GATGCCCTGGCAAG-1,2,Monocytes,807,2300.0,1.0
GATGCCCTTTTGCT-1,0,CD4+ T cells,587,1525.0,3.6065574
GATTACCTTGTTCT-1,0,CD4+ T cells,881,2471.0,1.9830028
GATTCTTGCCGATA-1,0,CD4+ T cells,812,2262.0,2.0335984
GATTCTTGCGAGTT-1,3,B cells,607,1550.0,2.7096775
GATTGGACGGTGTT-1,3,B cells,714,1759.0,3.1836271
GATTGGACTTTCGT-1,3,B cells,642,1634.0,2.0195837
GATTTAGATTCGTT-1,2,Monocytes,325,664.0,1.5060241
GATTTGCTAACGAA-1,0,CD4+ T cells,804,2322.0,1.8087854
GATTTGCTAACGGG-1,2,Monocytes,370,691.0,1.1577424
GCAACCCTCCTCGT-1,2,Monocytes,359,744.0,1.6129031
GCAAGACTAGGTCT-1,0,CD4+ T cells,836,2191.0,2.8297582
GCAATCGACTGCAA-1,0,CD4+ T cells,863,2346.0,3.537937
GCACAAACAATGCC-1,0,CD4+ T cells,512,1240.0,3.467742
GCACACCTGTGCTA-1,1,NK cells,697,1376.0,2.1802325
GCACCACTGTTTGG-1,2,Monocytes,362,776.0,1.5463917
GCACCACTTCCTTA-1,1,NK cells,969,1945.0,2.9305913
GCACCTTGGCTGTA-1,0,CD4+ T cells,580,1753.0,1.3690815
GCACGGTGACCTCC-1,0,CD4+ T cells,825,2262.0,1.1936339
GCACTAGAACGGGA-1,0,CD4+ T cells,921,2493.0,2.5270758
GCACTAGAAGATGA-1,3,B cells,640,1548.0,2.4547803
GCACTAGACGTAAC-1,3,B cells,378,745.0,1.8791946
GCACTAGAGTCGTA-1,1,NK cells,982,2424.0,2.3514853
GCAGATACAGCGTT-1,1,NK cells,792,2093.0,3.7267082
GCAGATACGACGGA-1,0,CD4+ T cells,619,1670.0,1.6167665
GCAGATACGCAGAG-1,0,CD4+ T cells,750,2140.0,2.1962616
GCAGCGTGCACTCC-1,0,CD4+ T cells,775,2298.0,1.261967
GCAGCTCTCAATCG-1,0,CD4+ T cells,661,1860.0,1.1827956
GCAGCTCTGTTTCT-1,0,CD4+ T cells,766,1688.0,1.1848341
GCAGGGCTAAGGGC-1,0,CD4+ T cells,675,1466.0,1.568895
GCAGGGCTATCGAC-1,1,NK cells,944,1981.0,2.3220594
GCAGGGCTTGGGAG-1,1,NK cells,940,2195.0,4.9202733
GCAGTCCTAACTGC-1,0,CD4+ T cells,761,2107.0,2.135738
GCAGTCCTCTCTTA-1,0,CD4+ T cells,727,1832.0,2.0196507
GCATCAGATGCGTA-1,1,NK cells,767,2047.0,3.859306
GCCAAAACGAGGCA-1,1,NK cells,850,2087.0,4.456157
GCCAACCTACGGTT-1,0,CD4+ T cells,680,2141.0,2.195236
GCCAACCTCGCCTT-1,0,CD4+ T cells,595,1770.0,1.1864407
GCCACGGAGGCGAA-1,2,Monocytes,700,2000.0,1.75
GCCACGGATACTGG-1,0,CD4+ T cells,753,2411.0,2.1153047
GCCACTACGTCTTT-1,0,CD4+ T cells,736,2097.0,2.241297
GCCCAACTATGGTC-1,1,NK cells,685,1833.0,1.8548827
GCCCATACAGCGTT-1,0,CD4+ T cells,780,1959.0,0.40837163
GCCGGAACGAACTC-1,1,NK cells,830,2325.0,2.1505377
GCCGGAACGTTCTT-1,1,NK cells,810,1582.0,2.6548672
GCCGGAACTGCACA-1,1,NK cells,685,1591.0,4.902577
GCCGGAACTTACTC-1,0,CD4+ T cells,784,2021.0,1.0885701
GCCGTACTACCTGA-1,0,CD4+ T cells,642,2258.0,3.4986715
GCCGTACTGGCAAG-1,2,Monocytes,742,1698.0,3.6513546
GCCTACACAGTTCG-1,1,NK cells,961,2058.0,1.5063169
GCCTAGCTACGGAG-1,3,B cells,621,1730.0,0.9826589
GCCTAGCTCTATTC-1,0,CD4+ T cells,822,2419.0,1.6535759
GCCTAGCTTCTCAT-1,0,CD4+ T cells,717,2155.0,2.1345708
GCCTCATGTCTTAC-1,1,NK cells,749,2173.0,3.0372758
GCCTGACTCTCAAG-1,2,Monocytes,757,2004.0,1.4471058
GCGAAGGAACTCTT-1,0,CD4+ T cells,570,1247.0,2.3255813
GCGAAGGATGCCAA-1,0,CD4+ T cells,831,2468.0,1.9854132
GCGAGAGAGGGACA-1,0,CD4+ T cells,721,1883.0,1.1683483
GCGAGCACTGTCGA-1,0,CD4+ T cells,336,613.0,1.9575857
GCGAGCACTTGACG-1,0,CD4+ T cells,802,2283.0,2.4967148
GCGATATGGTACGT-1,0,CD4+ T cells,886,2071.0,1.0140029
GCGATATGGTGTTG-1,0,CD4+ T cells,631,1762.0,2.4404087
GCGCACGAAGTCGT-1,0,CD4+ T cells,759,2266.0,2.7802293
GCGCACGACTTTAC-1,2,Monocytes,631,1689.0,1.5393723
GCGCATCTAGGTCT-1,0,CD4+ T cells,550,1395.0,1.3620073
GCGCATCTTCGATG-1,0,CD4+ T cells,767,2297.0,1.6543318
GCGCATCTTGCTCC-1,1,NK cells,835,1995.0,2.1052632
GCGCGAACGTTCTT-1,3,B cells,639,1661.0,1.384708
GCGGAGCTCCTGAA-1,0,CD4+ T cells,747,1952.0,1.5368853
GCGGCAACCCGATA-1,0,CD4+ T cells,779,2372.0,1.0539628
GCGGCAACGGAGGT-1,3,B cells,540,1320.0,2.878788
GCGGCAACTGTCGA-1,2,Monocytes,367,701.0,4.7075605
GCGTATGAACACCA-1,0,CD4+ T cells,689,2132.0,2.2983115
GCTACAGAAAGGTA-1,0,CD4+ T cells,809,2454.0,1.1817441
GCTACAGAATCTTC-1,0,CD4+ T cells,337,648.0,1.8518518
GCTACCTGATCACG-1,0,CD4+ T cells,796,2168.0,1.0608855
GCTACGCTAGCTAC-1,0,CD4+ T cells,782,2110.0,3.8388624
GCTAGAACAGAGGC-1,3,B cells,642,1513.0,1.6523464
GCTAGAACTCCCGT-1,0,CD4+ T cells,436,1104.0,1.8115941
GCTAGATGAGCTCA-1,2,Monocytes,826,2305.0,3.3839478
GCTAGATGGCGATT-1,1,NK cells,779,2016.0,2.827381
GCTATACTAGCGTT-1,1,NK cells,601,1509.0,3.909874
GCTCAGCTGTCTAG-1,0,CD4+ T cells,596,1683.0,1.1289364
GCTCCATGAGAAGT-1,1,NK cells,995,2130.0,1.4084507
GCTCCATGCCGAAT-1,0,CD4+ T cells,720,1954.0,1.0235415
GCTCGACTCTAGTG-1,2,Monocytes,588,1418.0,2.7503526
GCTGATGAGGTATC-1,2,Monocytes,759,1908.0,2.620545
GCTTAACTACAGTC-1,2,Monocytes,452,916.0,2.9475982
GCTTAACTACTGGT-1,1,NK cells,780,1799.0,2.167871
GCTTAACTTAGACC-1,2,Monocytes,515,1124.0,3.9145908
GGAACACTCACTTT-1,2,Monocytes,392,778.0,1.9280206
GGAACACTTCAGAC-1,4,Megakaryocytes,283,628.0,2.8662422
GGAACTACTACTTC-1,0,CD4+ T cells,710,1806.0,2.6024363
GGAACTTGAGAATG-1,0,CD4+ T cells,796,2303.0,3.2132003
GGAACTTGCTCCAC-1,2,Monocytes,895,2406.0,1.7871987
GGAACTTGGGTAGG-1,3,B cells,585,1740.0,4.367816
GGAAGGACATCGGT-1,2,Monocytes,559,1387.0,0.93727463
GGAAGGACCACTAG-1,0,CD4+ T cells,859,2054.0,1.1197662
GGAAGGACGCGAAG-1,1,NK cells,858,2169.0,1.9824805
GGAAGGTGGCGAGA-1,1,NK cells,842,1633.0,2.3270056
GGAATCTGAAGGGC-1,0,CD4+ T cells,643,1734.0,2.1337948
GGAATCTGCTTAGG-1,3,B cells,595,1513.0,2.3132849
GGAATGCTTTCTAC-1,0,CD4+ T cells,710,2254.0,1.5084294
GGACAGGAAAGGGC-1,1,NK cells,821,2177.0,3.812586
GGACAGGAGTGCTA-1,3,B cells,817,2028.0,2.4161735
GGACAGGATCTCGC-1,0,CD4+ T cells,841,2191.0,1.232314
GGACCGTGCTTACT-1,2,Monocytes,640,1555.0,1.0932477
GGACCTCTGTAAGA-1,2,Monocytes,900,2399.0,3.2513547
GGACCTCTTTTCTG-1,1,NK cells,852,2024.0,3.063241
GGACGAGAGTGTCA-1,2,Monocytes,460,930.0,2.580645
GGACGCTGTCCTCG-1,1,NK cells,780,1529.0,1.3734467
GGAGCAGATTCAGG-1,3,B cells,542,1324.0,2.7190332
GGAGGATGCCACCT-1,0,CD4+ T cells,572,1585.0,0.9463723
GGAGGATGGTTGAC-1,2,Monocytes,780,1792.0,2.0089285
GGAGGATGTCAGTG-1,2,Monocytes,765,2009.0,2.3394725
GGAGGCCTCGTTGA-1,1,NK cells,906,1941.0,1.5971148
GGAGGCCTTTCTTG-1,0,CD4+ T cells,793,2408.0,2.1179402
GGAGGTGATACGCA-1,0,CD4+ T cells,753,2326.0,2.1926053
GGAGGTGATCGCTC-1,1,NK cells,772,1813.0,1.9305018
GGATAGCTCTGAAC-1,1,NK cells,819,2053.0,3.1173892
GGATGTACCAAAGA-1,3,B cells,645,1887.0,1.6428193
GGATGTACGCGAAG-1,0,CD4+ T cells,619,1595.0,1.5673982
GGATGTACGTCTTT-1,2,Monocytes,314,562.0,3.024911
GGATGTACGTGTCA-1,1,NK cells,726,1638.0,3.1746035
GGATTTCTAGGTTC-1,0,CD4+ T cells,737,1902.0,2.3133545
GGCAAGGAAAAAGC-1,1,NK cells,1081,2377.0,2.1455617
GGCAATACGCTAAC-1,3,B cells,476,1078.0,3.2467532
GGCAATACGGCATT-1,1,NK cells,490,1109.0,2.4346259
GGCAATACGTTTCT-1,3,B cells,799,2079.0,2.2126024
GGCATATGCTTATC-1,1,NK cells,898,1940.0,1.4948454
GGCATATGGGGAGT-1,4,Megakaryocytes,212,575.0,1.2173914
GGCCACGACAGAGG-1,0,CD4+ T cells,427,891.0,3.030303
GGCCGAACAACGAA-1,0,CD4+ T cells,724,2354.0,2.5913339
GGCCGAACGCAGAG-1,0,CD4+ T cells,380,837.0,3.5842295
GGCCGAACGTAGGG-1,0,CD4+ T cells,715,1809.0,2.100608
GGCCGAACTCTAGG-1,1,NK cells,739,1494.0,0.6024096
GGCGCATGCCTAAG-1,2,Monocytes,798,2096.0,2.0515268
GGCGCATGTGGAAA-1,0,CD4+ T cells,471,1201.0,0.6661116
GGCGGACTAGAGGC-1,0,CD4+ T cells,821,1760.0,1.7045455
GGCGGACTAGGAGC-1,1,NK cells,806,1975.0,1.670886
GGCGGACTCTGACA-1,0,CD4+ T cells,714,2076.0,1.4932562
GGCGGACTCTTGGA-1,1,NK cells,828,1934.0,3.36091
GGCGGACTTACTGG-1,0,CD4+ T cells,727,2404.0,3.1613975
GGCGGACTTGAACC-1,0,CD4+ T cells,773,2112.0,1.6098485
GGCTAAACACCTGA-1,1,NK cells,976,2434.0,0.53410023
GGCTAATGAGCACT-1,1,NK cells,727,1650.0,1.878788
GGCTAATGGTCTAG-1,0,CD4+ T cells,761,2255.0,2.0842574
GGGAACGACACAAC-1,3,B cells,693,1713.0,1.8680677
GGGAACGAGTGTCA-1,2,Monocytes,559,1149.0,2.2628372
GGGAAGTGTTGAGC-1,2,Monocytes,627,1555.0,4.3086815
GGGACCACACGTTG-1,1,NK cells,795,1863.0,2.6301663
GGGACCACAGAACA-1,0,CD4+ T cells,750,2091.0,2.3433764
GGGACCACGAATAG-1,0,CD4+ T cells,838,2385.0,1.2578616
GGGACCACTCAAGC-1,0,CD4+ T cells,453,1064.0,1.6917294
GGGACCACTCGTGA-1,0,CD4+ T cells,734,2291.0,2.2697513
GGGACCACTGCATG-1,0,CD4+ T cells,607,1933.0,1.7071909
GGGACCTGCTTGCC-1,0,CD4+ T cells,805,2340.0,1.9658121
GGGACCTGTGGAGG-1,3,B cells,669,1762.0,3.23496
GGGATGGACGACAT-1,3,B cells,505,1309.0,1.0695187
GGGATGGATACTTC-1,0,CD4+ T cells,858,2272.0,2.7728872
GGGATGGATGGTTG-1,2,Monocytes,832,2068.0,2.3694391
GGGCAAGATGCATG-1,2,Monocytes,585,1424.0,2.3876405
GGGCAGCTTGGGAG-1,1,NK cells,903,2246.0,2.4487977
GGGCAGCTTTTCTG-1,0,CD4+ T cells,752,2333.0,1.5859408
GGGCCAACGCGTTA-1,3,B cells,774,2178.0,2.571166
GGGCCAACTACGCA-1,2,Monocytes,666,1435.0,2.5783973
GGGCCAACTCCAAG-1,3,B cells,843,2440.0,1.8442624
GGGCCATGATGGTC-1,1,NK cells,857,2486.0,3.3386967
GGGCCATGTTGACG-1,0,CD4+ T cells,887,2262.0,1.6357206
GGGTAACTCTAGTG-1,3,B cells,656,1773.0,1.5228426
GGGTAACTCTGGAT-1,0,CD4+ T cells,674,1948.0,1.9507186
GGGTTAACGTGCAT-1,1,NK cells,911,1815.0,1.6528925
GGTAAAGAGCTAAC-1,1,NK cells,734,1614.0,3.1598513
GGTACATGAAAGCA-1,3,B cells,672,1699.0,2.1777515
GGTACATGAGCTCA-1,1,NK cells,802,1753.0,0.9127211
GGTACATGCGGTAT-1,0,CD4+ T cells,539,1373.0,1.747997
GGTACATGGTTACG-1,0,CD4+ T cells,699,1930.0,1.4507773
GGTACTGAACTCTT-1,2,Monocytes,828,2050.0,2.8292682
GGTAGTACACCACA-1,0,CD4+ T cells,800,2290.0,2.6200874
GGTAGTACACTAGC-1,2,Monocytes,642,1655.0,3.021148
GGTAGTACCCTGTC-1,0,CD4+ T cells,733,2091.0,1.9607844
GGTAGTACGCCATA-1,2,Monocytes,607,1347.0,1.55902
GGTATCGAGACAAA-1,2,Monocytes,379,809.0,1.8541409
GGTATCGATGAACC-1,3,B cells,562,1508.0,2.055703
GGTCAAACCAAAGA-1,0,CD4+ T cells,847,2392.0,1.1287626
GGTCTAGAGAAACA-1,2,Monocytes,787,2333.0,2.8289757
GGTGATACCGACTA-1,3,B cells,732,1698.0,2.4734983
GGTGATACTGTTTC-1,0,CD4+ T cells,785,2084.0,1.1996161
GGTGGAGAAACGGG-1,1,NK cells,696,1397.0,1.717967
GGTGGAGAAGTAGA-1,0,CD4+ T cells,795,1898.0,1.6859852
GGTGGAGACAGATC-1,1,NK cells,809,1440.0,2.0138888
GGTGGAGATCGATG-1,0,CD4+ T cells,828,2297.0,2.089682
GGTGGAGATCTCTA-1,2,Monocytes,651,1836.0,2.4509804
GGTGGAGATTACTC-1,1,NK cells,882,2454.0,1.018745
GGTTTACTACGCAT-1,1,NK cells,972,2346.0,2.2591646
GTAACGTGATCGGT-1,3,B cells,679,1887.0,2.4377317
GTAACGTGCAGCTA-1,3,B cells,774,2109.0,1.6121384
GTAACGTGGTTGAC-1,3,B cells,784,2307.0,2.080624
GTAAGCACAACGGG-1,0,CD4+ T cells,766,2030.0,0.83743846
GTAAGCACTCATTC-1,3,B cells,520,1138.0,2.108963
GTAAGCTGGTACCA-1,2,Monocytes,671,1450.0,2.8965518
GTAATAACCTTCTA-1,2,Monocytes,796,2208.0,3.5778985
GTAATAACGTTGTG-1,0,CD4+ T cells,644,2118.0,2.549575
GTACCCTGGAGCTT-1,0,CD4+ T cells,756,2350.0,1.6595745
GTACCCTGTCCTTA-1,1,NK cells,723,1631.0,1.8393623
GTACGTGAACGTTG-1,1,NK cells,643,1742.0,2.8128588
GTACTTTGTCGACA-1,1,NK cells,856,2420.0,2.6033058
GTAGACTGAGATGA-1,2,Monocytes,825,2139.0,2.8050492
GTAGACTGTATTCC-1,0,CD4+ T cells,730,2008.0,1.0956175
GTAGCAACAGTCGT-1,2,Monocytes,831,2232.0,1.9713262
GTAGCAACCATTTC-1,3,B cells,653,1657.0,3.3796017
GTAGCAACGGTAGG-1,2,Monocytes,429,955.0,0.41884816
GTAGCATGCACTCC-1,3,B cells,641,1680.0,2.4404762
GTAGCATGTAAGCC-1,2,Monocytes,637,1544.0,4.1450777
GTAGCCCTGACGTT-1,0,CD4+ T cells,812,2453.0,3.2205462
GTAGCTGAATTCGG-1,0,CD4+ T cells,859,2430.0,2.2222223
GTAGTGACCTCATT-1,0,CD4+ T cells,744,2328.0,1.7611685
GTAGTGTGAGCGGA-1,1,NK cells,869,2056.0,1.5564202
GTAGTGTGAGGCGA-1,2,Monocytes,508,1148.0,2.3519163
GTAGTGTGTGGTTG-1,0,CD4+ T cells,624,1969.0,0.8633824
GTATCTACAGAAGT-1,1,NK cells,976,2285.0,1.9693654
GTATCTACGACGAG-1,1,NK cells,801,1939.0,1.7019082
GTATTAGAGGTCTA-1,0,CD4+ T cells,586,1410.0,1.4184396
GTATTCACACAGCT-1,0,CD4+ T cells,692,1806.0,2.9900334
GTATTCACGGGTGA-1,1,NK cells,704,1741.0,2.1252153
GTCAACGAGTGTAC-1,2,Monocytes,806,2148.0,1.8621974
GTCAATCTACACCA-1,1,NK cells,883,2273.0,2.4197097
GTCAATCTTGTGGT-1,0,CD4+ T cells,765,2261.0,0.66342324
GTCACCTGCCTCCA-1,0,CD4+ T cells,743,2127.0,1.0343206
GTCATACTAATCGC-1,3,B cells,666,1610.0,2.9813664
GTCATACTGCGATT-1,1,NK cells,669,1457.0,0.6863418
GTCATACTTCGCCT-1,4,Megakaryocytes,364,984.0,2.9471545
GTCATACTTTACCT-1,1,NK cells,794,1861.0,1.8807093
GTCCAAGAAAAACG-1,0,CD4+ T cells,766,2261.0,1.3268465
GTCGAATGAAGGCG-1,2,Monocytes,905,2120.0,2.2169812
GTCGACCTGAATGA-1,1,NK cells,812,1550.0,2.0645163
GTCGACCTGTTCAG-1,0,CD4+ T cells,572,1836.0,1.9607844
GTGAACACACTCTT-1,0,CD4+ T cells,697,2218.0,1.3525699
GTGAACACTCAGGT-1,0,CD4+ T cells,531,1244.0,0.9646302
GTGACCCTTAAGCC-1,1,NK cells,676,1896.0,1.5295359
GTGATGACCTGAGT-1,3,B cells,503,1096.0,2.0072992
GTGATGACGGTTTG-1,1,NK cells,801,2084.0,2.447217
GTGATTCTGGTTCA-1,1,NK cells,813,1657.0,1.6898009
GTGATTCTGTCGAT-1,0,CD4+ T cells,694,1991.0,1.8081367
GTGATTCTTAGCGT-1,3,B cells,494,1344.0,2.455357
GTGCCACTCAGGAG-1,0,CD4+ T cells,660,1897.0,0.89615184
GTGTACGATCAGTG-1,0,CD4+ T cells,689,1979.0,1.6675088
GTGTATCTAGCCTA-1,3,B cells,625,1434.0,2.4407253
GTGTATCTGTTACG-1,3,B cells,817,2122.0,1.602262
GTGTCAGAAGCGTT-1,1,NK cells,909,2056.0,2.0914397
GTTAAAACCGAGAG-1,1,NK cells,956,2019.0,0.842001
GTTAACCTAGCTAC-1,0,CD4+ T cells,829,2450.0,2.6938775
GTTAGGTGCACTCC-1,0,CD4+ T cells,554,1391.0,3.5226457
GTTAGGTGCCCAAA-1,2,Monocytes,953,2189.0,0.59387845
GTTAGGTGGAACTC-1,3,B cells,647,1653.0,1.754386
GTTAGTCTAAGAAC-1,1,NK cells,537,1154.0,4.3327556
GTTATAGAGGACAG-1,0,CD4+ T cells,786,2053.0,1.6074038
GTTATGCTTTCATC-1,0,CD4+ T cells,814,2431.0,1.8922255
GTTCAACTGGGACA-1,1,NK cells,761,1503.0,2.129075
GTTGACGAGCCCTT-1,1,NK cells,838,1899.0,0.94786733
GTTGACGATATCGG-1,1,NK cells,1102,2264.0,1.9434628
GTTGATCTGGGACA-1,0,CD4+ T cells,372,944.0,0.42372882
GTTGATCTTTTCAC-1,1,NK cells,971,2461.0,2.1535962
GTTGTACTTTTGGG-1,0,CD4+ T cells,847,2404.0,2.246256
GTTTAAGACTGTCC-1,1,NK cells,710,1584.0,2.209596
TAAAGACTCAGGAG-1,0,CD4+ T cells,855,2375.0,1.5157895
TAAATCGATGAGGG-1,0,CD4+ T cells,759,2036.0,1.9155207
TAACAATGTGCCCT-1,3,B cells,654,1343.0,1.5636634
TAACACCTTGTTTC-1,4,Megakaryocytes,397,1004.0,1.0956175
TAACCGGACTTACT-1,0,CD4+ T cells,616,2009.0,1.3439522
TAACGTCTCAACCA-1,2,Monocytes,747,1931.0,2.1750388
TAACTAGATCTGGA-1,0,CD4+ T cells,789,2348.0,1.448041
TAACTCACGAGGAC-1,2,Monocytes,752,1922.0,4.058273
TAACTCACGTACAC-1,3,B cells,717,2011.0,2.6355047
TAACTCACTCTACT-1,1,NK cells,952,2227.0,3.0085316
TAAGAACTGTGTCA-1,2,Monocytes,625,1730.0,3.7572253
TAAGAGGACTAAGC-1,3,B cells,784,2019.0,2.1297672
TAAGAGGACTTGTT-1,1,NK cells,914,2061.0,1.5526444
TAAGATACGGTTCA-1,2,Monocytes,659,1465.0,0.9556314
TAAGATTGTTGCTT-1,0,CD4+ T cells,863,2289.0,1.2669288
TAAGCGTGGGAAAT-1,0,CD4+ T cells,796,2330.0,1.1587983
TAAGGCTGCCATGA-1,0,CD4+ T cells,906,2361.0,2.4989412
TAAGGCTGCTGCTC-1,0,CD4+ T cells,714,2147.0,1.583605
TAAGGGCTGCTGTA-1,0,CD4+ T cells,867,1852.0,1.349892
TAAGGGCTTTACTC-1,0,CD4+ T cells,819,2208.0,3.2155797
TAAGTAACCGAGAG-1,3,B cells,375,702.0,2.7065527
TAAGTAACCTCCAC-1,3,B cells,656,1740.0,3.3333335
TAAGTAACTTGTCT-1,1,NK cells,745,2113.0,2.9342167
TAATGTGAAGATGA-1,0,CD4+ T cells,539,1314.0,1.4459665
TAATGTGATTACTC-1,0,CD4+ T cells,839,2326.0,2.8374891
TACAATGAAAACAG-1,2,Monocytes,796,1995.0,1.60401
TACAATGACTTAGG-1,0,CD4+ T cells,734,1948.0,1.6940452
TACAATGATGCTAG-1,1,NK cells,831,2466.0,3.2846715
TACACACTCTTACT-1,0,CD4+ T cells,620,1246.0,3.210273
TACATAGAACGCAT-1,1,NK cells,814,2223.0,3.5537562
TACATCACACGGGA-1,0,CD4+ T cells,605,1622.0,1.6646115
TACATCACGCTAAC-1,3,B cells,655,1795.0,1.7827299
TACCATTGAGGTTC-1,0,CD4+ T cells,625,1535.0,1.4983714
TACCATTGCGGGAA-1,2,Monocytes,719,2071.0,3.0902946
TACCATTGGGGATG-1,2,Monocytes,547,1425.0,2.3157895
TACCATTGTGAGGG-1,2,Monocytes,864,2349.0,3.7037036
TACGAGTGCGGAGA-1,0,CD4+ T cells,990,2265.0,1.7218543
TACGAGTGGTTGGT-1,0,CD4+ T cells,858,2222.0,1.8451846
TACGATCTAGTGTC-1,0,CD4+ T cells,604,1422.0,2.7426162
TACGATCTTACGAC-1,1,NK cells,701,1686.0,2.787663
TACGCAGAGAATCC-1,1,NK cells,859,2121.0,0.80150867
TACGCCACATTCCT-1,0,CD4+ T cells,768,1967.0,0.6100661
TACGCCACTCCGAA-1,3,B cells,715,1857.0,2.1001616
TACGGAACGCGTTA-1,3,B cells,594,1380.0,2.246377
TACGGCCTGGGACA-1,1,NK cells,783,1557.0,1.734104
TACGTACTCCCGTT-1,3,B cells,740,1937.0,1.9101703
TACGTTACAGAAGT-1,0,CD4+ T cells,805,2256.0,1.4184396
TACGTTACCAAGCT-1,2,Monocytes,705,1701.0,2.5279248
TACTAAGAAAGGTA-1,3,B cells,491,988.0,1.417004
TACTAAGAATCACG-1,0,CD4+ T cells,514,1219.0,3.1173093
TACTAAGATGATGC-1,2,Monocytes,768,1864.0,2.3068671
TACTACACTTACCT-1,0,CD4+ T cells,356,750.0,3.733333
TACTACTGAACCTG-1,2,Monocytes,748,1831.0,1.693064
TACTACTGATGTCG-1,1,NK cells,993,2304.0,1.5625
TACTACTGATTCTC-1,0,CD4+ T cells,801,2383.0,1.3008813
TACTCAACTGCTAG-1,3,B cells,794,2242.0,2.9438002
TACTCCCTCAGTTG-1,0,CD4+ T cells,606,1556.0,1.1568123
TACTCTGAATCGAC-1,1,NK cells,810,1986.0,1.8126888
TACTCTGATTGACG-1,3,B cells,682,1492.0,1.5415549
TACTGTTGAAAGCA-1,0,CD4+ T cells,792,1991.0,1.8081367
TACTGTTGAGGCGA-1,1,NK cells,829,1701.0,2.7630806
TACTTGACTCCTCG-1,1,NK cells,786,1705.0,1.6422286
TACTTGACTGGTGT-1,3,B cells,610,1599.0,1.9387116
TACTTTCTTTTGGG-1,0,CD4+ T cells,664,1591.0,4.1483345
TAGAAACTAATCGC-1,0,CD4+ T cells,790,2208.0,1.2228261
TAGAAACTGCTTCC-1,2,Monocytes,852,2211.0,2.351877
TAGAAACTGGGATG-1,1,NK cells,678,1371.0,1.3129103
TAGAATTGCGACAT-1,0,CD4+ T cells,589,1742.0,2.1239955
TAGACGTGCTTGAG-1,0,CD4+ T cells,690,1986.0,3.3736155
TAGAGCACCTTACT-1,3,B cells,647,1444.0,2.0083103
TAGATTGACTTGTT-1,3,B cells,622,1594.0,3.4504392
TAGATTGAGGCATT-1,1,NK cells,427,813.0,2.2140222
TAGCATCTCAGCTA-1,1,NK cells,856,1700.0,1.2352941
TAGCATCTCCCTCA-1,0,CD4+ T cells,522,1138.0,2.636204
TAGCATCTGGGACA-1,0,CD4+ T cells,722,2069.0,2.029966
TAGCATCTTGTCGA-1,0,CD4+ T cells,641,1753.0,1.4831717
TAGCCCACAGCCAT-1,0,CD4+ T cells,983,2261.0,2.211411
TAGCCCACAGCTAC-1,1,NK cells,1099,2171.0,2.9018884
TAGCCCACCCACAA-1,0,CD4+ T cells,607,1986.0,2.2155085
TAGCCCTGCGGAGA-1,0,CD4+ T cells,704,2044.0,4.892368
TAGCCGCTTACTTC-1,1,NK cells,886,2301.0,1.7383747
TAGCTACTGAATAG-1,3,B cells,659,1645.0,1.1550152
TAGCTACTTTTGCT-1,1,NK cells,492,1079.0,2.6876738
TAGGACTGTGCTGA-1,0,CD4+ T cells,754,1709.0,2.9842014
TAGGAGCTAAGGCG-1,3,B cells,676,2038.0,3.091266
TAGGAGCTTGCATG-1,3,B cells,532,1163.0,0.7738607
TAGGCAACCGTCTC-1,3,B cells,598,1691.0,1.7149616
TAGGCATGGCGAGA-1,1,NK cells,921,2403.0,1.2068248
TAGGCTGATGCCTC-1,2,Monocytes,700,1640.0,1.4634147
TAGGGACTGAACTC-1,1,NK cells,828,1919.0,2.7618551
TAGGTCGACACTGA-1,0,CD4+ T cells,828,2469.0,2.1871204
TAGGTCGAGGATCT-1,3,B cells,543,1221.0,2.047502
TAGGTGACACACTG-1,0,CD4+ T cells,815,1991.0,3.6664991
TAGGTGACACGTTG-1,3,B cells,709,1889.0,3.8644786
TAGGTGTGTTCTGT-1,0,CD4+ T cells,842,1726.0,3.012746
TAGTAATGAGATCC-1,0,CD4+ T cells,707,1814.0,0.82690185
TAGTACCTAAGAAC-1,2,Monocytes,675,1663.0,1.8641009
TAGTATGATCTTAC-1,3,B cells,709,1833.0,3.055101
TAGTCTTGGCTGTA-1,0,CD4+ T cells,270,652.0,0.0
TAGTCTTGGGACTT-1,0,CD4+ T cells,445,945.0,1.6931217
TAGTCTTGTGGAAA-1,1,NK cells,892,2207.0,3.5342093
TAGTGGTGAAGTGA-1,1,NK cells,1040,2006.0,3.5892322
TAGTTAGAACCACA-1,1,NK cells,832,1737.0,1.5544041
TAGTTAGATGAACC-1,0,CD4+ T cells,815,2217.0,1.5336039
TATAAGACAACAGA-1,0,CD4+ T cells,437,982.0,4.887984
TATAAGTGTATCGG-1,2,Monocytes,480,973.0,1.6443988
TATACAGAACCCTC-1,1,NK cells,704,1976.0,2.3785424
TATACAGAAGAACA-1,0,CD4+ T cells,622,1662.0,1.5643803
TATACAGATCCAGA-1,0,CD4+ T cells,823,2249.0,1.8230325
TATACCACCTGATG-1,3,B cells,731,1972.0,3.397566
TATACGCTACCAAC-1,0,CD4+ T cells,781,2144.0,1.4925373
TATAGATGGACGGA-1,0,CD4+ T cells,849,2088.0,1.4367816
TATCCAACCAGCTA-1,2,Monocytes,472,1074.0,1.4897579
TATCCAACTCTCTA-1,0,CD4+ T cells,838,1973.0,2.7369487
TATCGACTACTAGC-1,1,NK cells,643,1478.0,2.503383
TATCGTACAGATGA-1,1,NK cells,879,2185.0,2.5171626
TATCGTACATTCCT-1,2,Monocytes,895,2324.0,2.4096384
TATCTCGAGAGATA-1,0,CD4+ T cells,408,1174.0,1.362862
TATCTGACAGGTTC-1,1,NK cells,832,1888.0,2.4894068
TATGAATGGAGGAC-1,1,NK cells,920,2033.0,1.0329562
TATGCGGATAACCG-1,0,CD4+ T cells,652,1373.0,3.350328
TATGGGTGCTAGCA-1,3,B cells,840,2023.0,2.3232822
TATGGTCTCTACCC-1,0,CD4+ T cells,706,1898.0,2.4762907
TATGTCACTTCTCA-1,3,B cells,612,1388.0,2.9538906
TATGTGCTGGATTC-1,0,CD4+ T cells,789,2276.0,0.83479786
TATTGCTGAAGAAC-1,2,Monocytes,382,805.0,3.8509316
TATTGCTGCCGTTC-1,0,CD4+ T cells,533,1289.0,4.88751
TATTGCTGTCTGGA-1,0,CD4+ T cells,627,2093.0,2.1022456
TATTGCTGTGCACA-1,1,NK cells,388,780.0,3.0769231
TATTTCCTATTGGC-1,2,Monocytes,655,1638.0,1.892552
TATTTCCTGGAGGT-1,1,NK cells,1103,2265.0,1.8101546
TATTTCCTGGTGTT-1,0,CD4+ T cells,782,2209.0,0.905387
TCAAGGACAGCGTT-1,0,CD4+ T cells,617,1738.0,1.4959724
TCAAGGACATTCTC-1,1,NK cells,589,1218.0,1.8062398
TCAAGGACGGTGTT-1,2,Monocytes,758,2074.0,1.0125362
TCAATCACACTCTT-1,0,CD4+ T cells,882,2134.0,2.764761
TCACAACTATGTGC-1,0,CD4+ T cells,661,1839.0,1.9575857
TCACAACTTTGCTT-1,2,Monocytes,558,1300.0,3.3846154
TCACATACAGGGTG-1,0,CD4+ T cells,491,1203.0,1.6625104
TCACCTCTACGACT-1,0,CD4+ T cells,823,2131.0,3.613327
TCACGAGAGGAGGT-1,3,B cells,681,1644.0,1.946472
TCACTATGGGGCAA-1,1,NK cells,652,1431.0,1.8867924
TCACTATGGTTGTG-1,3,B cells,363,808.0,0.6188119
TCAGACGACGCTAA-1,0,CD4+ T cells,824,2309.0,1.255955
TCAGACGACGTTAG-1,1,NK cells,933,2038.0,1.9136409
TCAGAGACTCCAGA-1,0,CD4+ T cells,611,2093.0,1.4811275
TCAGCGCTCTAGTG-1,1,NK cells,806,1781.0,2.695115
TCAGCGCTGGATCT-1,3,B cells,531,1276.0,2.0376177
TCAGCGCTGGTATC-1,1,NK cells,864,2363.0,3.0046551
TCAGGATGAAGTAG-1,0,CD4+ T cells,648,1623.0,1.2322859
TCAGTGGAAGATCC-1,1,NK cells,736,1688.0,1.8957347
TCAGTTACTAGAAG-1,0,CD4+ T cells,826,2239.0,1.2505583
TCATCAACCCGATA-1,0,CD4+ T cells,725,2340.0,2.2222223
TCATCATGCAGTTG-1,0,CD4+ T cells,841,2220.0,1.3513514
TCCACTCTACACTG-1,0,CD4+ T cells,829,2049.0,0.6832601
TCCACTCTTACTTC-1,3,B cells,632,1502.0,0.73235685
TCCATAACAAAGTG-1,0,CD4+ T cells,750,2226.0,2.2461815
TCCATAACCGTAGT-1,3,B cells,846,2093.0,1.0033444
TCCATAACTACGCA-1,0,CD4+ T cells,859,2497.0,1.7621145
TCCATCCTCCCTAC-1,1,NK cells,890,2010.0,2.1393034
TCCCGAACACAGTC-1,1,NK cells,913,1722.0,3.5423927
TCCCGATGAGATCC-1,0,CD4+ T cells,750,1773.0,2.0868585
TCCCGATGCCTGAA-1,2,Monocytes,416,810.0,2.0987654
TCCCTACTCAACTG-1,3,B cells,703,1717.0,1.456028
TCCGAAGACAATCG-1,2,Monocytes,522,1103.0,1.631913
TCCGGACTGAGGTG-1,1,NK cells,914,2387.0,0.8797654
TCCGGACTGTACGT-1,1,NK cells,742,1942.0,2.6261587
TCCTAAACATCGAC-1,1,NK cells,381,893.0,0.7838746
TCCTAAACCGCATA-1,1,NK cells,671,1386.0,2.1645021
TCCTATGAAAAGCA-1,1,NK cells,663,1545.0,2.2006474
TCGAATCTCTGGTA-1,1,NK cells,581,1305.0,2.3754787
TCGACCTGCCGATA-1,2,Monocytes,845,2173.0,1.4726186
TCGACGCTTTGACG-1,0,CD4+ T cells,823,2196.0,3.187614
TCGAGAACGACAGG-1,0,CD4+ T cells,835,2496.0,4.3269234
TCGAGCCTATCAGC-1,3,B cells,598,1489.0,2.2162526
TCGATACTATTCCT-1,0,CD4+ T cells,838,2486.0,1.367659
TCGATACTTGCACA-1,0,CD4+ T cells,765,1825.0,2.1369863
TCGATTTGATGCCA-1,2,Monocytes,768,2116.0,1.1814746
TCGATTTGCAGCTA-1,1,NK cells,810,1686.0,2.3724792
TCGATTTGCCTACC-1,2,Monocytes,912,2281.0,2.8057868
TCGCAGCTAGATCC-1,1,NK cells,790,2098.0,2.383222
TCGCCATGAGACTC-1,0,CD4+ T cells,665,1864.0,1.7703863
TCGCCATGTGGTCA-1,3,B cells,703,1582.0,1.7699115
TCGGACCTATAAGG-1,3,B cells,657,1368.0,1.1695907
TCGGTAGAGTAGGG-1,0,CD4+ T cells,688,2104.0,1.5209125
TCGGTAGATCCCAC-1,3,B cells,749,2177.0,1.7455213
TCGTTATGGACAAA-1,0,CD4+ T cells,782,2162.0,1.2488437
TCTAACACCAGTTG-1,1,NK cells,543,1090.0,3.6697247
TCTAACTGAACCAC-1,0,CD4+ T cells,841,2303.0,2.648719
TCTAAGCTTAGTCG-1,1,NK cells,789,1791.0,1.7867112
TCTAAGCTTGTTCT-1,2,Monocytes,758,2052.0,2.4853802
TCTAAGCTTTCGCC-1,3,B cells,368,686.0,0.8746356
TCTAGACTTAGAAG-1,2,Monocytes,730,1834.0,3.7077427
TCTATGTGAAGAGT-1,2,Monocytes,478,1131.0,1.6799294
TCTATGTGAGTCTG-1,1,NK cells,488,951.0,2.9442692
TCTCAAACCTAAGC-1,3,B cells,618,1479.0,1.6903313
TCTGATACACGTGT-1,0,CD4+ T cells,771,2225.0,2.0674157
TCTGATACTCGCCT-1,0,CD4+ T cells,784,2451.0,3.3455734
TCTTACGAACCTGA-1,2,Monocytes,847,2156.0,2.5046382
TCTTGATGCGGAGA-1,1,NK cells,821,2273.0,2.199736
TGAACCGAAAACGA-1,0,CD4+ T cells,752,2185.0,2.6086955
TGAAGCACTCACGA-1,1,NK cells,742,1917.0,2.5560772
TGAAGCTGCATGGT-1,3,B cells,824,2029.0,1.9221292
TGAAGCTGCGTAAC-1,0,CD4+ T cells,751,2178.0,2.3875115
TGAATAACTCCCAC-1,1,NK cells,939,2142.0,4.528478
TGACACGACCTTAT-1,3,B cells,606,1510.0,1.9205298
TGACCAGACAACCA-1,0,CD4+ T cells,698,1800.0,1.1111112
TGACCAGAGGATTC-1,0,CD4+ T cells,705,1923.0,2.4440978
TGACCGCTCTGCAA-1,0,CD4+ T cells,607,1926.0,1.6095533
TGACGATGCAAAGA-1,2,Monocytes,621,1634.0,1.7135862
TGACTGGAAGAGAT-1,2,Monocytes,545,1442.0,2.21914
TGACTGGACCGTAA-1,0,CD4+ T cells,670,1494.0,0.46854085
TGACTGGACGCAAT-1,0,CD4+ T cells,617,1756.0,1.6514806
TGACTGGAGGACAG-1,3,B cells,723,1852.0,2.1598272
TGACTTTGCGCATA-1,0,CD4+ T cells,758,2348.0,1.362862
TGACTTTGTTTGTC-1,0,CD4+ T cells,855,2289.0,1.5727391
TGAGACACTCAAGC-1,1,NK cells,743,1816.0,3.9647574
TGAGCTGACTGGAT-1,2,Monocytes,802,2132.0,3.283302
TGAGCTGATGCTAG-1,2,Monocytes,337,661.0,3.3282905
TGAGTCGAGTTACG-1,3,B cells,645,1377.0,2.4691358
TGAGTGACTGAGCT-1,0,CD4+ T cells,847,2457.0,1.9129019
TGATAAACTCCGTC-1,1,NK cells,941,2068.0,1.7891682
TGATAAACTTTCAC-1,0,CD4+ T cells,751,1922.0,1.8210196
TGATACCTCACTAG-1,2,Monocytes,583,1506.0,1.3280213
TGATACCTGTTGGT-1,0,CD4+ T cells,796,2216.0,1.534296
TGATACCTTATGCG-1,0,CD4+ T cells,793,2264.0,2.3409894
TGATCACTAGCATC-1,1,NK cells,524,1110.0,4.5945945
TGATCACTCTCGCT-1,0,CD4+ T cells,659,1843.0,2.4416711
TGATCACTTCTACT-1,3,B cells,607,1756.0,2.6765375
TGATCGGAGGAGCA-1,3,B cells,562,1352.0,1.2573965
TGATCGGATATGCG-1,2,Monocytes,696,1526.0,3.6697247
TGATTAGACATTGG-1,0,CD4+ T cells,927,2278.0,1.3169447
TGATTAGATGACTG-1,3,B cells,517,1175.0,2.9787235
TGATTAGATGCTAG-1,0,CD4+ T cells,719,2242.0,1.8287244
TGATTCACTATGCG-1,0,CD4+ T cells,599,1901.0,2.3145714
TGATTCACTGTCAG-1,3,B cells,639,1733.0,1.5002885
TGCAAGTGAGAACA-1,0,CD4+ T cells,816,2063.0,2.908386
TGCAAGTGGGTAGG-1,2,Monocytes,672,1705.0,1.8181818
TGCACAGACGACAT-1,1,NK cells,1162,2463.0,2.8014617
TGCCACTGCGATAC-1,1,NK cells,989,1949.0,1.2827091
TGCCAGCTTGGCAT-1,0,CD4+ T cells,790,2184.0,1.3736264
TGCCGACTCTCCCA-1,3,B cells,673,1904.0,2.2058823
TGCGAAACAGTCAC-1,3,B cells,856,2339.0,2.4796922
TGCGAAACGTTGCA-1,3,B cells,629,1420.0,3.2394364
TGCGATGAACGGTT-1,0,CD4+ T cells,692,1829.0,2.2963367
TGCGATGACCTCGT-1,0,CD4+ T cells,843,2220.0,2.027027
TGCGATGACTGCTC-1,3,B cells,795,2314.0,1.9446846
TGCGATGACTTGCC-1,3,B cells,780,1951.0,1.2813941
TGCGATGAGTGCTA-1,2,Monocytes,821,1915.0,2.3498695
TGCGCACTCTTGAG-1,2,Monocytes,471,1059.0,1.7941455
TGCGTAGAATAAGG-1,2,Monocytes,702,1588.0,2.833753
TGCGTAGACGGGAA-1,3,B cells,631,1553.0,2.189311
TGCTAGGAAACCGT-1,1,NK cells,868,2223.0,2.4291499
TGCTATACGGTTCA-1,2,Monocytes,798,2123.0,2.5435705
TGCTGAGAGAGCAG-1,1,NK cells,885,1992.0,3.4136546
TGGAAAGACTCTCG-1,3,B cells,719,1918.0,2.4504693
TGGAAAGATATGGC-1,0,CD4+ T cells,565,1647.0,2.428658
TGGAACACAAACAG-1,1,NK cells,776,1467.0,2.9993184
TGGAACACGCTAAC-1,1,NK cells,696,1655.0,2.4773414
TGGAAGCTCAGATC-1,0,CD4+ T cells,725,1931.0,1.3464526
TGGACCCTACACTG-1,2,Monocytes,365,696.0,1.8678161
TGGACCCTCATGGT-1,1,NK cells,811,1912.0,2.3535564
TGGAGACTTCAAGC-1,0,CD4+ T cells,661,2015.0,0.9925558
TGGAGACTTGACCA-1,1,NK cells,831,2131.0,1.2670108
TGGAGGGACGGAGA-1,2,Monocytes,786,2106.0,2.374169
TGGAGGGAGCTATG-1,1,NK cells,471,1147.0,1.3949434
TGGATGTGACCTAG-1,3,B cells,564,1634.0,2.2031822
TGGATTCTCATACG-1,1,NK cells,958,2451.0,2.5703795
TGGCAATGCTTGTT-1,3,B cells,706,1726.0,2.5492468
TGGCACCTTCACGA-1,1,NK cells,388,768.0,2.6041665
TGGCACCTTCAGTG-1,2,Monocytes,842,1808.0,1.9358407
TGGGTATGGTACGT-1,3,B cells,511,1137.0,1.8469658
TGGGTATGTTTGGG-1,2,Monocytes,794,2341.0,1.9649721
TGGTAGACCCTCAC-1,1,NK cells,865,1802.0,2.8301888
TGGTAGACCTGATG-1,0,CD4+ T cells,789,1696.0,1.120283
TGGTAGTGCACTGA-1,2,Monocytes,504,1111.0,1.170117
TGGTATCTAAACAG-1,0,CD4+ T cells,701,2095.0,1.8138425
TGGTATCTCTTCCG-1,0,CD4+ T cells,817,2483.0,2.053967
TGGTCAGACCCAAA-1,0,CD4+ T cells,796,1948.0,1.9507186
TGTAACCTTGCCTC-1,2,Monocytes,922,2337.0,2.9952931
TGTAATGACACAAC-1,1,NK cells,724,1462.0,1.4363885
TGTAATGAGGTAAA-1,1,NK cells,628,1205.0,1.4107884
TGTAGGTGCGAGAG-1,3,B cells,533,1144.0,3.1468532
TGTAGTCTTGCACA-1,1,NK cells,884,2177.0,3.4910426
TGTATCTGTTAGGC-1,0,CD4+ T cells,817,1996.0,1.3527055
TGTATGCTCATGGT-1,3,B cells,619,1479.0,3.245436
TGTATGCTGTAGGG-1,0,CD4+ T cells,591,1455.0,2.1305842
TGTATGCTTTCATC-1,0,CD4+ T cells,685,1968.0,2.1849594
TGTCTAACCCCTTG-1,0,CD4+ T cells,656,1978.0,2.7805865
TGTGAGACTTGAGC-1,0,CD4+ T cells,817,2447.0,2.3702493
TGTGAGTGACCACA-1,0,CD4+ T cells,582,1583.0,3.1585596
TGTGAGTGGAGATA-1,1,NK cells,460,969.0,0.7223942
TGTGATCTCTCTAT-1,3,B cells,638,1690.0,2.95858
TGTGATCTGACACT-1,0,CD4+ T cells,471,1108.0,3.8808663
TGTGGATGGCCAAT-1,3,B cells,650,1945.0,2.6735218
TGTTAAGACAAAGA-1,2,Monocytes,414,848.0,1.7688679
TGTTAAGATAAGGA-1,2,Monocytes,907,2173.0,3.3133917
TGTTACACGACTAC-1,2,Monocytes,732,1953.0,3.0721967
TGTTACTGGCTACA-1,1,NK cells,992,2483.0,3.0205398
TGTTACTGTAGTCG-1,1,NK cells,801,1772.0,3.442438
TTAACCACCGTAAC-1,0,CD4+ T cells,822,2192.0,2.7372262
TTAACCACTAAGGA-1,1,NK cells,529,1198.0,1.9198663
TTAACCACTCAGAC-1,1,NK cells,737,1828.0,2.9540482
TTACCATGAATCGC-1,2,Monocytes,889,2421.0,3.3044198
TTACCATGTGTCTT-1,1,NK cells,588,1123.0,3.2947462
TTACCATGTTGTGG-1,3,B cells,657,1548.0,1.4211887
TTACGACTTGACAC-1,2,Monocytes,713,1902.0,2.208202
TTACGTACGTTCAG-1,4,Megakaryocytes,326,947.0,2.745512
TTAGAATGTGGTGT-1,0,CD4+ T cells,642,1740.0,1.7241379
TTAGAATGTGTAGC-1,0,CD4+ T cells,285,627.0,3.3492823
TTAGACCTCCTACC-1,0,CD4+ T cells,825,2485.0,4.3460765
TTAGACCTCCTTTA-1,2,Monocytes,823,2311.0,1.5144958
TTAGCTACAACCGT-1,0,CD4+ T cells,719,2101.0,2.094241
TTAGGGACGCGAAG-1,1,NK cells,853,2200.0,2.3636363
TTAGGTCTACTTTC-1,2,Monocytes,515,1106.0,3.4358046
TTAGTCTGCCAACA-1,1,NK cells,832,1735.0,2.4207494
TTAGTCTGTGCACA-1,0,CD4+ T cells,645,1692.0,4.0189123
TTATCCGACTAGTG-1,3,B cells,667,1903.0,2.4697845
TTATGAGAGATAAG-1,0,CD4+ T cells,547,1293.0,2.7842228
TTATGCACGTCACA-1,3,B cells,636,1590.0,1.8238994
TTATTCCTGGTACT-1,3,B cells,807,2496.0,2.4439101
TTCAAAGATAAAGG-1,1,NK cells,884,2385.0,2.3899372
TTCAACACAACAGA-1,0,CD4+ T cells,848,2430.0,1.1934156
TTCAACACCCCAAA-1,2,Monocytes,788,2094.0,2.3877745
TTCAAGCTGTTGAC-1,0,CD4+ T cells,818,2375.0,1.9789474
TTCAAGCTTGATGC-1,0,CD4+ T cells,828,2404.0,1.6222961
TTCACAACGTCTGA-1,2,Monocytes,395,678.0,0.58997047
TTCAGACTACCCAA-1,0,CD4+ T cells,368,789.0,3.6755388
TTCAGACTCTCGAA-1,0,CD4+ T cells,787,2264.0,0.9717314
TTCAGTACTCCTAT-1,2,Monocytes,711,1850.0,2.8648648
TTCAGTTGCCAAGT-1,0,CD4+ T cells,733,2003.0,2.3964052
TTCAGTTGTCCTTA-1,2,Monocytes,752,1975.0,0.8607595
TTCAGTTGTCTAGG-1,0,CD4+ T cells,464,1031.0,1.1639185
TTCAGTTGTCTCGC-1,3,B cells,626,1865.0,1.7694371
TTCATCGAGGTGGA-1,2,Monocytes,735,1914.0,1.4629049
TTCATTCTTCTCTA-1,0,CD4+ T cells,647,1986.0,3.8267877
TTCCAAACCTATGG-1,2,Monocytes,536,1057.0,1.229896
TTCCAAACTCCCAC-1,1,NK cells,486,793.0,1.6393442
TTCCAAACTTGACG-1,1,NK cells,712,1647.0,2.9751062
TTCCATGACGAGAG-1,2,Monocytes,786,1840.0,3.2608695
TTCCATGACTGTCC-1,0,CD4+ T cells,438,1050.0,2.9523811
TTCCCACTTGAGGG-1,1,NK cells,807,1520.0,2.3026316
TTCCTAGAAAGTGA-1,0,CD4+ T cells,551,1552.0,0.38659793
TTCCTAGACTAGTG-1,2,Monocytes,841,1943.0,1.2352033
TTCGAGGAGGGCAA-1,0,CD4+ T cells,757,1816.0,1.6519824
TTCGATTGAGCATC-1,0,CD4+ T cells,708,1910.0,1.5183246
TTCGGAGAATGCCA-1,2,Monocytes,567,1191.0,2.854744
TTCGGAGATGTGCA-1,0,CD4+ T cells,881,2412.0,1.1608624
TTCGTATGAAAAGC-1,1,NK cells,801,1991.0,1.6072326
TTCGTATGGATAGA-1,1,NK cells,873,1983.0,1.3111447
TTCGTATGGTCTGA-1,0,CD4+ T cells,805,2258.0,2.8786535
TTCTACGAACGTAC-1,0,CD4+ T cells,866,2494.0,1.3231757
TTCTAGTGCATGAC-1,2,Monocytes,819,2073.0,3.5697057
TTCTAGTGGAGAGC-1,1,NK cells,815,1586.0,2.8373265
TTCTCAGAAGAGAT-1,0,CD4+ T cells,845,2189.0,1.6902695
TTCTCAGAAGCATC-1,3,B cells,881,2497.0,2.1225471
TTCTGATGGAGACG-1,1,NK cells,1179,2434.0,1.8898932
TTCTTACTCTGGAT-1,2,Monocytes,718,1741.0,2.240092
TTGAACCTCCTTGC-1,3,B cells,657,1746.0,1.489118
TTGAATGAACTACG-1,2,Monocytes,882,2289.0,2.402796
TTGAATGACTTACT-1,0,CD4+ T cells,709,2102.0,1.6650809
TTGAATGATCTCAT-1,3,B cells,754,2015.0,1.7369727
TTGACACTCTGTAG-1,0,CD4+ T cells,735,1943.0,1.3381369
TTGACACTGATAAG-1,3,B cells,603,1315.0,2.661597
TTGAGGTGGACGGA-1,0,CD4+ T cells,712,2011.0,1.0442566
TTGCATTGAGCTAC-1,1,NK cells,721,1991.0,1.7579106
TTGCATTGTGACTG-1,0,CD4+ T cells,813,2441.0,1.7206063
TTGCTAACACCAAC-1,1,NK cells,788,1921.0,2.134305
TTGCTAACCACTCC-1,0,CD4+ T cells,656,1943.0,2.2645392
TTGGAGACTATGGC-1,3,B cells,739,1779.0,2.866779
TTGGTACTGAATCC-1,3,B cells,615,1855.0,2.5336926
TTGGTACTGGATTC-1,3,B cells,721,1883.0,1.9118428
TTGTACACGTTGTG-1,3,B cells,571,1537.0,3.7735848
TTGTACACTTGCAG-1,0,CD4+ T cells,861,2260.0,1.3716815
TTGTAGCTCTCTTA-1,3,B cells,807,2136.0,2.6217227
TTGTCATGGACGGA-1,1,NK cells,1082,2178.0,1.8365473
TTTAGAGATCCTCG-1,3,B cells,820,2362.0,1.354784
TTTAGCTGGATACC-1,2,Monocytes,850,2454.0,1.1002445
TTTAGGCTCCTTTA-1,2,Monocytes,803,1984.0,2.3185484
TTTCACGAGGTTCA-1,0,CD4+ T cells,721,2037.0,1.3254787
TTTCAGTGGAAGGC-1,1,NK cells,692,1781.0,1.5160022
TTTCAGTGTCACGA-1,3,B cells,700,1634.0,3.4271724
TTTCAGTGTCTATC-1,2,Monocytes,458,937.0,2.4546423
TTTCAGTGTGCAGT-1,3,B cells,637,1322.0,1.8910742
TTTCCAGAGGTGAG-1,0,CD4+ T cells,873,2187.0,0.68587106
TTTCTACTTCCTCG-1,3,B cells,622,1684.0,2.1971495
TTTGCATGAGAGGC-1,3,B cells,454,1024.0,2.0507812
TTTGCATGCCTCAC-1,0,CD4+ T cells,724,1985.0,0.80604535
