cell_barcode,leiden,cell_type
AAACATACAACCAC-1,2,NK cells
AAACATTGAGCTAC-1,3,B cells
AAACATTGATCAGC-1,0,T cells
AAACCGTGCTTCCG-1,1,Monocytes
AAACCGTGTATGCG-1,2,NK cells
AAACGCACTGGTAC-1,0,T cells
AAACGCTGACCAGT-1,2,NK cells
AAACGCTGGTTCTT-1,2,NK cells
AAACGCTGTAGCCA-1,2,NK cells
AAACGCTGTTTCTG-1,1,Monocytes
AAACTTGAAAAACG-1,3,B cells
AAACTTGATCCAGA-1,0,T cells
AAAGAGACGAGATA-1,0,T cells
AAAGAGACGCGAGA-1,1,Monocytes
AAAGAGACGGACTT-1,2,NK cells
AAAGAGACGGCATT-1,0,T cells
AAAGCAGATATCGG-1,1,Monocytes
AAAGCCTGTATGCG-1,0,T cells
AAAGGCCTGTCTAG-1,3,B cells
AAAGTTTGATCACG-1,3,B cells
AAAGTTTGGGGTGA-1,3,B cells
AAAGTTTGTAGAGA-1,0,T cells
AAAGTTTGTAGCGT-1,1,Monocytes
AAATCAACAATGCC-1,3,B cells
AAATCAACACCAGT-1,0,T cells
AAATCAACCAGGAG-1,0,T cells
AAATCAACCCTATT-1,4,Platelets
AAATCAACGGAAGC-1,0,T cells
AAATCAACTCGCAA-1,0,T cells
AAATCATGACCACA-1,1,Monocytes
AAATCCCTCCACAA-1,2,NK cells
AAATCCCTGCTATG-1,3,B cells
AAATGTTGAACGAA-1,1,Monocytes
AAATGTTGCCACAA-1,0,T cells
AAATGTTGTGGCAT-1,1,Monocytes
AAATTCGAAGGTTC-1,0,T cells
AAATTCGAATCACG-1,1,Monocytes
AAATTCGAGCTGAT-1,1,Monocytes
AAATTCGAGGAGTG-1,0,T cells
AAATTCGATTCTCA-1,2,NK cells
AAATTGACACGACT-1,2,NK cells
AAATTGACTCGCTC-1,0,T cells
AACAAACTCATTTC-1,0,T cells
AACAAACTTTCGTT-1,0,T cells
AACAATACGACGAG-1,0,T cells
AACACGTGCAGAGG-1,0,T cells
AACACGTGGAAAGT-1,0,T cells
AACACGTGGAACCT-1,1,Monocytes
AACACGTGGCTACA-1,0,T cells
AACACGTGTACGAC-1,1,Monocytes
AACAGCACAAGAGT-1,1,Monocytes
AACATTGATGGGAG-1,1,Monocytes
AACCAGTGATACCG-1,1,Monocytes
AACCCAGATCGCTC-1,0,T cells
AACCGATGCTCCCA-1,0,T cells
AACCGATGGTCATG-1,3,B cells
AACCGATGTTCTAC-1,1,Monocytes
AACCGCCTAGCGTT-1,0,T cells
AACCGCCTCTACGA-1,1,Monocytes
AACCTACTGTGAGG-1,1,Monocytes
AACCTACTGTGTTG-1,0,T cells
AACCTTACGAGACG-1,0,T cells
AACCTTACGCGAGA-1,2,NK cells
AACCTTACTAACGC-1,1,Monocytes
AACCTTTGGACGGA-1,0,T cells
AACCTTTGTACGCA-1,1,Monocytes
AACGCAACAAGTAG-1,0,T cells
AACGCATGACCCAA-1,0,T cells
AACGCATGCCTTCG-1,0,T cells
AACGCATGTACTTC-1,0,T cells
AACGCCCTCGGGAA-1,0,T cells
AACGCCCTCGTACA-1,2,NK cells
AACGCCCTGGCATT-1,0,T cells
AACGTCGAGTATCG-1,2,NK cells
AACGTGTGAAAGCA-1,0,T cells
AACGTGTGGCGGAA-1,3,B cells
AACGTGTGTCCAAG-1,0,T cells
AACGTGTGTGCTTT-1,0,T cells
AACTACCTTAGAGA-1,0,T cells
AACTCACTCAAGCT-1,1,Monocytes
AACTCACTTGGAGG-1,1,Monocytes
AACTCGGAAAGTGA-1,2,NK cells
AACTCGGAAGGTCT-1,1,Monocytes
AACTCTTGCAGGAG-1,0,T cells
AACTGTCTCCCTTG-1,1,Monocytes
AACTTGCTACGCTA-1,3,B cells
AACTTGCTGGGACA-1,0,T cells
AAGAACGAGTGTTG-1,0,T cells
AAGAAGACGTAGGG-1,3,B cells
AAGACAGAAGTCTG-1,3,B cells
AAGACAGAGGATCT-1,0,T cells
AAGACAGATTACCT-1,1,Monocytes
AAGAGATGGGTAGG-1,3,B cells
AAGATGGAAAACAG-1,3,B cells
AAGATGGAGAACTC-1,1,Monocytes
AAGATGGAGATAAG-1,1,Monocytes
AAGATTACAACCTG-1,0,T cells
AAGATTACAGATCC-1,1,Monocytes
AAGATTACCCGTTC-1,1,Monocytes
AAGATTACCGCCTT-1,1,Monocytes
AAGATTACCTCAAG-1,2,NK cells
AAGATTACTCCTCG-1,1,Monocytes
AAGCAAGAGCGAGA-1,0,T cells
AAGCAAGAGCTTAG-1,2,NK cells
AAGCAAGAGGTGTT-1,2,NK cells
AAGCACTGAGCAAA-1,3,B cells
AAGCACTGCATACG-1,2,NK cells
AAGCACTGGTTCTT-1,3,B cells
AAGCCAACGTGTTG-1,0,T cells
AAGCCATGAACTGC-1,1,Monocytes
AAGCCATGACACGT-1,1,Monocytes
AAGCCATGCGTGAT-1,0,T cells
AAGCCATGTCTCGC-1,2,NK cells
AAGCCTGACATGCA-1,2,NK cells
AAGCCTGACCGAAT-1,1,Monocytes
AAGCGACTCCTCAC-1,1,Monocytes
AAGCGACTGTGTCA-1,0,T cells
AAGCGACTTACAGC-1,3,B cells
AAGCGACTTTGACG-1,1,Monocytes
AAGCGTACGTCTTT-1,0,T cells
AAGGCTTGCGAACT-1,2,NK cells
AAGGTCACGGTTAC-1,1,Monocytes
AAGGTCACTGTTTC-1,3,B cells
AAGGTCACTTCCCG-1,2,NK cells
AAGGTCTGACAGTC-1,0,T cells
AAGGTCTGCAGATC-1,0,T cells
AAGTAACTCTGAAC-1,1,Monocytes
AAGTAACTGAGATA-1,3,B cells
AAGTAGGATACAGC-1,2,NK cells
AAGTATACCGAACT-1,0,T cells
AAGTCCGACTTGTT-1,0,T cells
AAGTCCGATAGAAG-1,0,T cells
AAGTCTCTAGTCGT-1,0,T cells
AAGTCTCTCGGAGA-1,2,NK cells
AAGTGGCTTGGAGG-1,3,B cells
AAGTTCCTCATTCT-1,1,Monocytes
AAGTTCCTTCTTAC-1,2,NK cells
AATAAGCTCGAATC-1,0,T cells
AATAAGCTCGTTGA-1,0,T cells
AATACCCTGGACGA-1,3,B cells
AATACCCTGGCATT-1,0,T cells
AATACTGAAAGGGC-1,2,NK cells
AATACTGAATTGGC-1,2,NK cells
AATAGGGAACCCTC-1,3,B cells
AATAGGGAGAATGA-1,2,NK cells
AATCAAACTATCGG-1,2,NK cells
AATCCGGAATGCTG-1,3,B cells
AATCCTACCGGTAT-1,0,T cells
AATCCTTGACGGGA-1,1,Monocytes
AATCCTTGGTGAGG-1,2,NK cells
AATCGGTGGAACTC-1,2,NK cells
AATCGGTGTGCTTT-1,0,T cells
AATCTAGAAAAGTG-1,0,T cells
AATCTAGAATCGGT-1,0,T cells
AATCTCACAGCCTA-1,1,Monocytes
AATCTCACTCTAGG-1,0,T cells
AATCTCTGAACAGA-1,0,T cells
AATCTCTGCTTTAC-1,2,NK cells
AATGATACACCAAC-1,2,NK cells
AATGATACGGTCAT-1,1,Monocytes
AATGCGTGACACCA-1,3,B cells
AATGCGTGGACGGA-1,1,Monocytes
AATGCGTGGCTATG-1,3,B cells
AATGGAGAATCGTG-1,1,Monocytes
AATGGAGATCCTTA-1,2,NK cells
AATGGCTGACACCA-1,3,B cells
AATGGCTGCGTGAT-1,0,T cells
AATGGCTGTAAAGG-1,2,NK cells
AATGGCTGTACTCT-1,2,NK cells
AATGGCTGTGAAGA-1,0,T cells
AATGTAACGGTGGA-1,0,T cells
AATGTCCTCTTCTA-1,0,T cells
AATGTTGACAGTCA-1,0,T cells
AATGTTGAGTTGAC-1,1,Monocytes
AATGTTGATCTACT-1,0,T cells
AATTACGAATTCCT-1,1,Monocytes
AATTACGACTTCTA-1,0,T cells
AATTACGAGTGAGG-1,0,T cells
AATTACGATTGGCA-1,3,B cells
AATTCCTGCTCAGA-1,3,B cells
AATTGATGTCGCAA-1,4,Platelets
AATTGTGACTTGGA-1,3,B cells
ACAAAGGAGGGTGA-1,0,T cells
ACAAATTGATTCTC-1,1,Monocytes
ACAAATTGCTCAGA-1,1,Monocytes
ACAAATTGTTGCGA-1,2,NK cells
ACAACCGAGGGATG-1,2,NK cells
ACAACCGAGTTACG-1,0,T cells
ACAAGAGAAGTCGT-1,1,Monocytes
ACAAGAGACTTATC-1,0,T cells
ACAAGAGAGTTGAC-1,3,B cells
ACAATCCTAACCGT-1,0,T cells
ACAATCCTTAGCGT-1,3,B cells
ACAATTGACTGACA-1,2,NK cells
ACAATTGATGACTG-1,2,NK cells
ACACAGACCATACG-1,2,NK cells
ACACCAGAGGGCAA-1,2,NK cells
ACACCCTGGTGTTG-1,2,NK cells
ACACGAACAGTTCG-1,0,T cells
ACACGATGACGCAT-1,2,NK cells
ACACGATGATGTGC-1,1,Monocytes
ACACGATGTCGTAG-1,2,NK cells
ACACGATGTGGTCA-1,2,NK cells
ACAGACACGGCATT-1,2,NK cells
ACAGACACGTTGTG-1,0,T cells
ACAGCAACACCTAG-1,1,Monocytes
ACAGCAACCTCAAG-1,1,Monocytes
ACAGGTACCCCACT-1,0,T cells
ACAGGTACGCTGTA-1,2,NK cells
ACAGGTACTGGTGT-1,2,NK cells
ACAGTCGACCCAAA-1,2,NK cells
ACAGTCGACCGATA-1,2,NK cells
ACAGTGACTCACCC-1,2,NK cells
ACAGTGACTCTATC-1,2,NK cells
ACAGTGTGGTCACA-1,0,T cells
ACAGTGTGTTGCGA-1,1,Monocytes
ACATCACTCTACTT-1,1,Monocytes
ACATGGTGAAGCCT-1,0,T cells
ACATGGTGCAACCA-1,3,B cells
ACATGGTGCGAGTT-1,0,T cells
ACATTCTGGCATAC-1,0,T cells
ACATTCTGGGAACG-1,1,Monocytes
ACCAACGACATGCA-1,0,T cells
ACCACAGAAAGTAG-1,0,T cells
ACCACAGAGTTGGT-1,0,T cells
ACCACCTGTGTGCA-1,0,T cells
ACCACGCTACAGCT-1,0,T cells
ACCACGCTACCCAA-1,2,NK cells
ACCACGCTGCGAGA-1,0,T cells
ACCACGCTGCTGTA-1,0,T cells
ACCAGCCTGACAGG-1,0,T cells
ACCAGTGAACGGTT-1,3,B cells
ACCAGTGAATACCG-1,1,Monocytes
ACCAGTGAGGGATG-1,0,T cells
ACCAGTGATGACTG-1,1,Monocytes
ACCATTACCTTCTA-1,0,T cells
ACCATTACGAGATA-1,0,T cells
ACCATTTGTCATTC-1,0,T cells
ACCCAAGAACTGTG-1,2,NK cells
ACCCAAGAATTCCT-1,4,Platelets
ACCCAAGAGGACAG-1,0,T cells
ACCCAAGATTCACT-1,3,B cells
ACCCACTGCGCCTT-1,1,Monocytes
ACCCACTGGACAGG-1,0,T cells
ACCCACTGGTTCAG-1,4,Platelets
ACCCACTGTCGTAG-1,1,Monocytes
ACCCAGCTCAGAAA-1,0,T cells
ACCCAGCTGTTAGC-1,1,Monocytes
ACCCAGCTTGCTTT-1,0,T cells
ACCCGTTGATGACC-1,3,B cells
ACCCGTTGCTGCAA-1,0,T cells
ACCCGTTGCTTCTA-1,1,Monocytes
ACCCTCGACCTATT-1,2,NK cells
ACCCTCGACGGTAT-1,3,B cells
ACCCTCGATAAGGA-1,1,Monocytes
ACCCTCGATCAAGC-1,1,Monocytes
ACCGTGCTACCAGT-1,0,T cells
ACCGTGCTGGAACG-1,3,B cells
ACCTATTGCTGAGT-1,3,B cells
ACCTATTGTGCCCT-1,1,Monocytes
ACCTCCGAGTCCTC-1,0,T cells
ACCTCCGATATGCG-1,0,T cells
ACCTCCGATGCTGA-1,0,T cells
ACCTCGTGAACCAC-1,2,NK cells
ACCTGAGATATCGG-1,4,Platelets
ACCTGGCTAAGTAG-1,2,NK cells
ACCTTTGACTCCCA-1,1,Monocytes
ACCTTTGAGGAACG-1,1,Monocytes
ACCTTTGAGGAAGC-1,1,Monocytes
ACGAACACCTTGTT-1,2,NK cells
ACGAACTGGCTATG-1,4,Platelets
ACGAAGCTCTCCAC-1,0,T cells
ACGAAGCTCTGAGT-1,3,B cells
ACGACCCTATCTCT-1,1,Monocytes
ACGACCCTGATGAA-1,0,T cells
ACGACCCTTGACAC-1,3,B cells
ACGACCCTTGACCA-1,0,T cells
ACGAGGGACAGGAG-1,1,Monocytes
ACGAGGGACGAACT-1,0,T cells
ACGAGGGATGTAGC-1,0,T cells
ACGAGTACCCTAAG-1,3,B cells
ACGAGTACGAATCC-1,3,B cells
ACGATCGAGGACTT-1,2,NK cells
ACGATCGAGTCACA-1,1,Monocytes
ACGATGACAATGCC-1,0,T cells
ACGATGACTGGTCA-1,0,T cells
ACGATTCTACGGGA-1,2,NK cells
ACGCAATGGTTCAG-1,2,NK cells
ACGCACCTGTTAGC-1,3,B cells
ACGCCACTGAACTC-1,1,Monocytes
ACGCCGGAAACCAC-1,1,Monocytes
ACGCCGGAAAGCCT-1,0,T cells
ACGCCGGAAATGCC-1,0,T cells
ACGCCTTGCTCCCA-1,1,Monocytes
ACGCGGTGGCGAGA-1,0,T cells
ACGCGGTGTGTGGT-1,3,B cells
ACGCGGTGTTTGCT-1,2,NK cells
ACGCTCACAGTACC-1,0,T cells
ACGCTCACCCTTGC-1,0,T cells
ACGCTGCTGTTCTT-1,2,NK cells
ACGGAACTCAGATC-1,2,NK cells
ACGGAACTGTCGTA-1,1,Monocytes
ACGGAGGACTCTTA-1,1,Monocytes
ACGGATTGGGAGGT-1,3,B cells
ACGGATTGGTTAGC-1,0,T cells
ACGGCTCTGAGCAG-1,0,T cells
ACGGCTCTTGCACA-1,0,T cells
ACGGTAACCGCTAA-1,0,T cells
ACGGTAACCTTCGC-1,2,NK cells
ACGGTAACGGTGGA-1,0,T cells
ACGGTAACTCGCAA-1,2,NK cells
ACGGTATGAGTCGT-1,1,Monocytes
ACGGTATGGGTATC-1,3,B cells
ACGGTATGGTTGTG-1,3,B cells
ACGGTCCTAACGGG-1,0,T cells
ACGGTCCTCGGGAA-1,0,T cells
ACGTAGACAACCAC-1,0,T cells
ACGTAGACTACAGC-1,3,B cells
ACGTCAGAAACGAA-1,0,T cells
ACGTCAGAGAGCTT-1,1,Monocytes
ACGTCAGAGGGATG-1,0,T cells
ACGTCCTGATAAGG-1,1,Monocytes
ACGTCCTGTGAACC-1,1,Monocytes
ACGTCGCTCCTGAA-1,2,NK cells
ACGTCGCTCTATTC-1,1,Monocytes
ACGTCGCTTCTCAT-1,3,B cells
ACGTGATGCCATGA-1,1,Monocytes
ACGTGATGGGTCTA-1,0,T cells
ACGTGATGTAACCG-1,1,Monocytes
ACGTGATGTGACAC-1,2,NK cells
ACGTGCCTCCGTAA-1,0,T cells
ACGTGCCTTCTATC-1,2,NK cells
ACGTTACTTTCCAT-1,0,T cells
ACGTTGGAAAAGCA-1,0,T cells
ACGTTGGAAACCTG-1,2,NK cells
ACGTTGGACCGTAA-1,1,Monocytes
ACGTTGGAGCCAAT-1,2,NK cells
ACGTTGGATATGGC-1,3,B cells
ACGTTGGATCAGGT-1,1,Monocytes
ACGTTTACATCAGC-1,0,T cells
ACTAAAACCCACAA-1,2,NK cells
ACTAAAACTCGACA-1,1,Monocytes
ACTACGGAATTTCC-1,0,T cells
ACTACGGACCTATT-1,0,T cells
ACTACGGATCGCTC-1,0,T cells
ACTACTACTAAGGA-1,0,T cells
ACTAGGTGGAACCT-1,0,T cells
ACTAGGTGGAACTC-1,0,T cells
ACTATCACCTTGGA-1,2,NK cells
ACTATCACTGCCAA-1,0,T cells
ACTCAGGACTGAAC-1,0,T cells
ACTCAGGATCTATC-1,3,B cells
ACTCAGGATTCGTT-1,1,Monocytes
ACTCCTCTCAACTG-1,0,T cells
ACTCGCACGAAAGT-1,1,Monocytes
ACTCGCACTACGAC-1,1,Monocytes
ACTCTCCTGACACT-1,0,T cells
ACTCTCCTGCATAC-1,1,Monocytes
ACTCTCCTGTTTGG-1,0,T cells
ACTGAGACAACCAC-1,2,NK cells
ACTGAGACCCATAG-1,1,Monocytes
ACTGAGACGTTGGT-1,3,B cells
ACTGCCACACACGT-1,2,NK cells
ACTGCCACTCCGTC-1,2,NK cells
ACTGGCCTTCAGTG-1,2,NK cells
ACTGTGGACGTGTA-1,3,B cells
ACTGTGGATCTAGG-1,3,B cells
ACTGTTACCCACAA-1,1,Monocytes
ACTGTTACTGCAGT-1,0,T cells
ACTTAAGAACCACA-1,0,T cells
ACTTAAGATTACTC-1,1,Monocytes
ACTTAGCTGCGTAT-1,1,Monocytes
ACTTAGCTGGGAGT-1,0,T cells
ACTTCAACAAGCAA-1,2,NK cells
ACTTCAACGTAGGG-1,2,NK cells
ACTTCCCTTTCCGC-1,0,T cells
ACTTCTGACATGCA-1,3,B cells
ACTTGACTCCACAA-1,3,B cells
ACTTGGGAGAAAGT-1,1,Monocytes
ACTTGGGAGGTTTG-1,0,T cells
ACTTGGGATGTGAC-1,1,Monocytes
ACTTGGGATTGACG-1,1,Monocytes
ACTTGTACCTGTCC-1,0,T cells
ACTTTGTGGAAAGT-1,0,T cells
ACTTTGTGGATAGA-1,1,Monocytes
AGAAACGAAAGTAG-1,3,B cells
AGAAAGTGCGCAAT-1,0,T cells
AGAAAGTGGGGATG-1,1,Monocytes
AGAACAGAAATGCC-1,2,NK cells
AGAACAGACGACTA-1,3,B cells
AGAACAGAGACAAA-1,0,T cells
AGAACGCTTTGCTT-1,0,T cells
AGAAGATGTGACTG-1,0,T cells
AGAATGGAAGAAGT-1,2,NK cells
AGAATTTGTAACCG-1,0,T cells
AGAATTTGTAGAGA-1,0,T cells
AGACACACTGTAGC-1,0,T cells
AGACACTGTCAAGC-1,1,Monocytes
AGACCTGAAGTAGA-1,1,Monocytes
AGACCTGACCAACA-1,0,T cells
AGACCTGAGGAAGC-1,2,NK cells
AGACGTACAGAGGC-1,0,T cells
AGACGTACCCCTAC-1,3,B cells
AGACGTACCTCTTA-1,1,Monocytes
AGACGTACTCGTGA-1,1,Monocytes
AGACTGACCATCAG-1,2,NK cells
AGACTGACCCTTTA-1,0,T cells
AGACTTCTCATGCA-1,3,B cells
AGAGATGACAGTCA-1,3,B cells
AGAGATGACTGAAC-1,0,T cells
AGAGATGAGGTTTG-1,1,Monocytes
AGAGATGATCTCGC-1,3,B cells
AGAGATGATTGTGG-1,0,T cells
AGAGCGGAGGCAAG-1,1,Monocytes
AGAGTCTGGTCGTA-1,1,Monocytes
AGAGTGCTCAGCTA-1,0,T cells
AGAGTGCTCGAATC-1,0,T cells
AGAGTGCTGTCATG-1,0,T cells
AGAGTGCTGTCCTC-1,2,NK cells
AGAGTGCTGTGTTG-1,3,B cells
AGATATACCCGTAA-1,2,NK cells
AGATATACGATGAA-1,0,T cells
AGATATACTGTTCT-1,3,B cells
AGATATTGCCTACC-1,2,NK cells
AGATATTGGCCAAT-1,1,Monocytes
AGATCGTGTCTGGA-1,1,Monocytes
AGATCGTGTTTGTC-1,3,B cells
AGATCTCTATCACG-1,3,B cells
AGATTAACGTTCTT-1,1,Monocytes
AGATTCCTATCGTG-1,0,T cells
AGATTCCTCACTTT-1,1,Monocytes
AGATTCCTGACGAG-1,1,Monocytes
AGATTCCTGTTCAG-1,2,NK cells
AGCAAAGATATGCG-1,0,T cells
AGCACAACAGTCTG-1,0,T cells
AGCACTGAGGGAGT-1,0,T cells
AGCACTGATATGCG-1,0,T cells
AGCACTGATGCTTT-1,1,Monocytes
AGCACTGATTGCGA-1,0,T cells
AGCATCGAAGATCC-1,0,T cells
AGCATCGAAGGGTG-1,3,B cells
AGCATCGAGCTTCC-1,1,Monocytes
AGCATCGAGTGAGG-1,0,T cells
AGCATCGATAACCG-1,1,Monocytes
AGCATGACGATGAA-1,2,NK cells
AGCCAATGGGGAGT-1,1,Monocytes
AGCCAATGTATCTC-1,0,T cells
AGCCACCTGGATCT-1,2,NK cells
AGCCGGTGCCAATG-1,0,T cells
AGCCGGTGTGTTTC-1,0,T cells
AGCCGTCTCAATCG-1,0,T cells
AGCCGTCTGAGAGC-1,0,T cells
AGCCTCACGTTCGA-1,0,T cells
AGCCTCACTGTCAG-1,1,Monocytes
AGCCTCTGCAGTTG-1,3,B cells
AGCCTCTGCCAATG-1,2,NK cells
AGCGAACTGGATCT-1,0,T cells
AGCGAACTTACTGG-1,0,T cells
AGCGATACGGAGCA-1,0,T cells
AGCGATTGAGATCC-1,2,NK cells
AGCGCCGAATCTCT-1,0,T cells
AGCGCCGACAGAGG-1,0,T cells
AGCGCTCTACCTTT-1,0,T cells
AGCGGCACCGGGAA-1,0,T cells
AGCGGCTGATGTGC-1,0,T cells
AGCGGGCTTGCCAA-1,0,T cells
AGCGTAACATGCTG-1,0,T cells
AGCGTAACTGAGAA-1,1,Monocytes
AGCTCGCTACTGGT-1,0,T cells
AGCTCGCTCTGCTC-1,0,T cells
AGCTGAACCATACG-1,1,Monocytes
AGCTGAACCTCTCG-1,0,T cells
AGCTGCCTTGGGAG-1,1,Monocytes
AGCTGCCTTTCATC-1,0,T cells
AGCTGCCTTTCTGT-1,0,T cells
AGCTGTGATCCAAG-1,2,NK cells
AGCTTTACAAGTAG-1,0,T cells
AGCTTTACACCAAC-1,2,NK cells
AGCTTTACTCTCAT-1,3,B cells
AGGAAATGAGGAGC-1,0,T cells
AGGAACCTCTTAGG-1,1,Monocytes
AGGAACCTTGCCTC-1,2,NK cells
AGGAATGATAACGC-1,0,T cells
AGGAATGATTTGTC-1,0,T cells
AGGAGTCTGGTTTG-1,0,T cells
AGGAGTCTTGTCAG-1,0,T cells
AGGATAGACATTTC-1,0,T cells
AGGATAGAGGATTC-1,2,NK cells
AGGATGCTACTAGC-1,3,B cells
AGGATGCTTTAGGC-1,2,NK cells
AGGCAACTGAAGGC-1,0,T cells
AGGCAGGAGTACCA-1,2,NK cells
AGGCCTCTAGTCGT-1,0,T cells
AGGCCTCTCGGAGA-1,0,T cells
AGGCCTCTCGTAAC-1,0,T cells
AGGGACGACGTTGA-1,0,T cells
AGGGACGAGTCAAC-1,2,NK cells
AGGGACGAGTTGTG-1,0,T cells
AGGGACGATAGAGA-1,2,NK cells
AGGGACGATGCATG-1,2,NK cells
AGGGAGTGAGCCTA-1,0,T cells
AGGGCCACCATACG-1,0,T cells
AGGGCGCTAACCAC-1,1,Monocytes
AGGGCGCTATGGTC-1,0,T cells
AGGGTGGACAGTCA-1,3,B cells
AGGGTGGACTCAAG-1,1,Monocytes
AGGGTGGAGTTGCA-1,2,NK cells
AGGGTTTGTTCATC-1,1,Monocytes
AGGTCATGAGTGTC-1,3,B cells
AGGTCATGCTTATC-1,2,NK cells
AGGTCTGATTCTCA-1,1,Monocytes
AGGTGGGAAGAATG-1,0,T cells
AGGTGGGAAGTTCG-1,0,T cells
AGGTGTTGGTTACG-1,3,B cells
AGGTTCGAACCTCC-1,1,Monocytes
AGGTTCGAACGTAC-1,1,Monocytes
AGGTTCGAGGGTGA-1,0,T cells
AGTAAGGAGTTTGG-1,0,T cells
AGTAAGGATTCTTG-1,0,T cells
AGTAATACATCACG-1,2,NK cells
AGTAATACCGAACT-1,3,B cells
AGTAATTGTCCCAC-1,0,T cells
AGTACGTGAGGGTG-1,0,T cells
AGTACGTGCTGCAA-1,0,T cells
AGTACGTGCTTGGA-1,0,T cells
AGTACTCTACGTGT-1,3,B cells
AGTACTCTCAACCA-1,2,NK cells
AGTACTCTCGGTAT-1,2,NK cells
AGTAGGCTTGCCTC-1,1,Monocytes
AGTATAACTTGTCT-1,1,Monocytes
AGTATCCTAGAACA-1,0,T cells
AGTCACGATGAGCT-1,2,NK cells
AGTCAGACGAATAG-1,0,T cells
AGTCAGACGCTTAG-1,2,NK cells
AGTCAGACTAGAGA-1,2,NK cells
AGTCAGACTGCACA-1,0,T cells
AGTCCAGATATCTC-1,0,T cells
AGTCCAGATTTCAC-1,0,T cells
AGTCGAACCAACCA-1,0,T cells
AGTCGCCTCCGTAA-1,0,T cells
AGTCTACTAGGGTG-1,1,Monocytes
AGTCTACTTGCATG-1,1,Monocytes
AGTCTTACACCACA-1,0,T cells
AGTCTTACTTCGCC-1,2,NK cells
AGTCTTACTTCGGA-1,4,Platelets
AGTGACTGCAACTG-1,1,Monocytes
AGTGTTCTAACCTG-1,0,T cells
AGTGTTCTATAAGG-1,0,T cells
AGTGTTCTCACTTT-1,1,Monocytes
AGTTAAACCACTTT-1,0,T cells
AGTTATGAACAGTC-1,1,Monocytes
AGTTATGACTGAGT-1,0,T cells
AGTTATGAGTTCAG-1,0,T cells
AGTTCTACCAGCTA-1,1,Monocytes
AGTTCTTGAAGCCT-1,2,NK cells
AGTTGTCTACTACG-1,0,T cells
AGTTTAGATGGTCA-1,0,T cells
AGTTTCACGGTCTA-1,2,NK cells
AGTTTGCTACAGTC-1,0,T cells
AGTTTGCTACTGGT-1,2,NK cells
AGTTTGCTCCAAGT-1,0,T cells
ATAAACACAGTGCT-1,3,B cells
ATAAACACCACCAA-1,0,T cells
ATAACAACATGCTG-1,1,Monocytes
ATAACAACGTCTAG-1,0,T cells
ATAACAACTTTGTC-1,0,T cells
ATAACATGTACTCT-1,0,T cells
ATAACCCTGTTGGT-1,0,T cells
ATAACCCTTGGTAC-1,0,T cells
ATAAGTACGAATGA-1,3,B cells
ATAAGTTGGTACGT-1,1,Monocytes
ATAAGTTGTCTAGG-1,0,T cells
ATAATCGAGCTGAT-1,3,B cells
ATAATCGATGGTTG-1,0,T cells
ATAATGACCTACTT-1,0,T cells
ATAATGACTCGTGA-1,1,Monocytes
ATACAATGTTAGGC-1,0,T cells
ATACCACTCGTACA-1,1,Monocytes
ATACCACTCTAAGC-1,1,Monocytes
ATACCACTGCCAAT-1,2,NK cells
ATACCGGAATGCTG-1,1,Monocytes
ATACCGGACATTTC-1,1,Monocytes
ATACCGGACTTCGC-1,0,T cells
ATACCGGAGGTGTT-1,1,Monocytes
ATACCGGATCTCGC-1,0,T cells
ATACCTACGCATCA-1,0,T cells
ATACCTTGGGGCAA-1,0,T cells
ATACGGACAGACTC-1,1,Monocytes
ATACGGACCTACTT-1,1,Monocytes
ATACGGACGAGGTG-1,3,B cells
ATACGGACTATGCG-1,3,B cells
ATACGGACTCTGGA-1,1,Monocytes
ATACGTCTTAACGC-1,1,Monocytes
ATACTCTGCTTCGC-1,1,Monocytes
ATACTCTGGTATGC-1,2,NK cells
ATAGATACCATGGT-1,0,T cells
ATAGATACGACGAG-1,0,T cells
ATAGATTGGTGTAC-1,3,B cells
ATAGCCGAACGGAG-1,0,T cells
ATAGCGTGCAGATC-1,0,T cells
ATAGCGTGCCCTTG-1,1,Monocytes
ATAGCGTGGTATCG-1,1,Monocytes
ATAGCGTGTCTCTA-1,0,T cells
ATAGCTCTCTGATG-1,0,T cells
ATAGCTCTGAGGTG-1,0,T cells
ATAGGAGAAACAGA-1,1,Monocytes
ATAGGCTGTCAGAC-1,0,T cells
ATAGTCCTAGTGTC-1,1,Monocytes
ATAGTCCTTGCATG-1,2,NK cells
ATAGTCCTTGTCGA-1,0,T cells
ATAGTTGACAACTG-1,0,T cells
ATAGTTGACCCTCA-1,1,Monocytes
ATAGTTGAGACGTT-1,0,T cells
ATAGTTGATAAGCC-1,0,T cells
ATATACGAAGCCAT-1,0,T cells
ATATACGAATTGGC-1,0,T cells
ATATAGTGGAATGA-1,1,Monocytes
ATATGCCTAGATCC-1,1,Monocytes
ATATGCCTGGACAG-1,0,T cells
ATATGCCTTCTCTA-1,0,T cells
ATATGCCTTGGTAC-1,0,T cells
ATCAAATGAGCCTA-1,1,Monocytes
ATCAAATGGGTAAA-1,4,Platelets
ATCAACCTAAACGA-1,0,T cells
ATCAACCTGAGGAC-1,0,T cells
ATCAACCTTCTCTA-1,2,NK cells
ATCAACCTTTGTCT-1,2,NK cells
ATCACACTTTGTCT-1,0,T cells
ATCACGGATTTCGT-1,3,B cells
ATCATCTGACACCA-1,4,Platelets
ATCATGCTAGAGTA-1,2,NK cells
ATCATGCTGAACCT-1,3,B cells
ATCCAGGACGCTAA-1,1,Monocytes
ATCCAGGATGGAAA-1,0,T cells
ATCCATACTCCTTA-1,1,Monocytes
ATCCATACTTCATC-1,1,Monocytes
ATCCCGTGCAGTCA-1,2,NK cells
ATCCCGTGCATGCA-1,3,B cells
ATCCCGTGGCTGAT-1,3,B cells
ATCCGCACGCATCA-1,3,B cells
ATCCTAACGACGGA-1,3,B cells
ATCCTAACGCTACA-1,2,NK cells
ATCGACGAAACTGC-1,1,Monocytes
ATCGACGAATGACC-1,0,T cells
ATCGAGTGGACGTT-1,2,NK cells
ATCGCAGAATCTCT-1,1,Monocytes
ATCGCAGAGTGTCA-1,3,B cells
ATCGCCACTGAGGG-1,2,NK cells
ATCGCCTGGGTCAT-1,0,T cells
ATCGCCTGTGGCAT-1,3,B cells
ATCGCGCTCAGAGG-1,1,Monocytes
ATCGCGCTGGGATG-1,0,T cells
ATCGCGCTTTTCGT-1,3,B cells
ATCGGAACCAGTCA-1,0,T cells
ATCGGTGAGTCAAC-1,0,T cells
ATCGGTGATTGCAG-1,0,T cells
ATCGTTTGCCTACC-1,1,Monocytes
ATCGTTTGGGTACT-1,1,Monocytes
ATCGTTTGTGCCAA-1,1,Monocytes
ATCTACACCCGCTT-1,1,Monocytes
ATCTACACCGGGAA-1,0,T cells
ATCTCAACAGGAGC-1,3,B cells
ATCTCAACCTCGAA-1,0,T cells
ATCTCAACCTTGTT-1,1,Monocytes
ATCTGGGAAACCAC-1,1,Monocytes
ATCTGGGAAGTGTC-1,1,Monocytes
ATCTGGGATTCCGC-1,2,NK cells
ATCTGTTGAACGGG-1,0,T cells
ATCTGTTGACCTCC-1,0,T cells
ATCTGTTGCCTTCG-1,1,Monocytes
ATCTGTTGGTTGCA-1,0,T cells
ATCTTGACACCAAC-1,0,T cells
ATCTTGACCTCCCA-1,1,Monocytes
ATCTTTCTGCATCA-1,2,NK cells
ATCTTTCTGTTTCT-1,2,NK cells
ATCTTTCTTGTCCC-1,2,NK cells
ATGAAACTCTGTGA-1,0,T cells
ATGAAACTGAGGCA-1,0,T cells
ATGAAGGAACAGCT-1,2,NK cells
ATGAAGGACCTGTC-1,3,B cells
ATGAAGGACCTTAT-1,3,B cells
ATGAAGGACTAGTG-1,3,B cells
ATGAAGGACTTGCC-1,2,NK cells
ATGACGTGACGACT-1,3,B cells
ATGACGTGATCGGT-1,1,Monocytes
ATGAGAGAAAGTGA-1,0,T cells
ATGAGAGAACGCAT-1,0,T cells
ATGAGAGAAGTAGA-1,3,B cells
ATGAGCACACAGCT-1,0,T cells
ATGAGCACATCTTC-1,0,T cells
ATGATAACTTCACT-1,2,NK cells
ATGATATGAAACAG-1,0,T cells
ATGATATGACTGGT-1,0,T cells
ATGATATGAGCACT-1,0,T cells
ATGATATGGTCATG-1,0,T cells
ATGATATGGTGCTA-1,2,NK cells
ATGATATGTTGTCT-1,1,Monocytes
ATGCACGAATGTCG-1,3,B cells
ATGCACGACTGTAG-1,0,T cells
ATGCACGAGAACCT-1,3,B cells
ATGCACGAGTTCGA-1,0,T cells
ATGCACGATTGGTG-1,1,Monocytes
ATGCAGTGTTACCT-1,3,B cells
ATGCAGTGTTCTAC-1,0,T cells
ATGCCAGAACGACT-1,0,T cells
ATGCCAGACAGTCA-1,1,Monocytes
ATGCCGCTTGAACC-1,1,Monocytes
ATGCGATGCTATGG-1,1,Monocytes
ATGCGATGCTGAGT-1,0,T cells
ATGCGATGGTTACG-1,3,B cells
ATGCGCCTTCATTC-1,0,T cells
ATGCTTTGCGAATC-1,0,T cells
ATGCTTTGGGCGAA-1,2,NK cells
ATGCTTTGTAGTCG-1,3,B cells
ATGGACACATCGGT-1,0,T cells
ATGGACACGCATCA-1,2,NK cells
ATGGGTACAACCTG-1,3,B cells
ATGGGTACATCGGT-1,2,NK cells
ATGGGTACTATTCC-1,0,T cells
ATGGGTACTGGGAG-1,0,T cells
ATGTAAACACCTCC-1,0,T cells
ATGTAAACCCGCTT-1,0,T cells
ATGTAAACGGGATG-1,1,Monocytes
ATGTAAACTCTCCG-1,2,NK cells
ATGTAAACTTCACT-1,1,Monocytes
ATGTACCTCAGTCA-1,0,T cells
ATGTACCTTAGTCG-1,0,T cells
ATGTACCTTTATCC-1,1,Monocytes
ATGTACCTTTCACT-1,2,NK cells
ATGTCACTAATGCC-1,1,Monocytes
ATGTCACTCTGCTC-1,0,T cells
ATGTCGGAGGTGAG-1,0,T cells
ATGTTCACAGTCTG-1,1,Monocytes
ATGTTCACCGTAGT-1,0,T cells
ATGTTGCTTTCAGG-1,2,NK cells
ATTAACGATGAGAA-1,2,NK cells
ATTAACGATGCAAC-1,2,NK cells
ATTAAGACTGCAGT-1,0,T cells
ATTACCTGCCTTAT-1,1,Monocytes
ATTACCTGGAGGAC-1,1,Monocytes
ATTAGATGTTTCAC-1,0,T cells
ATTATGGAATCTCT-1,0,T cells
ATTCAAGAACGGGA-1,0,T cells
ATTCAAGACCTTTA-1,0,T cells
ATTCAGCTCATTGG-1,4,Platelets
ATTCCAACCATTGG-1,1,Monocytes
ATTCCAACTTAGGC-1,2,NK cells
ATTCGACTCACTAG-1,2,NK cells
ATTCGACTGAATAG-1,1,Monocytes
ATTCGACTTTTGTC-1,1,Monocytes
ATTCGGGAAAGGCG-1,1,Monocytes
ATTCGGGATTAGGC-1,0,T cells
ATTCTTCTGATACC-1,0,T cells
ATTGAATGGACGGA-1,0,T cells
ATTGATGAAGGTTC-1,0,T cells
ATTGATGACTGAGT-1,0,T cells
ATTGATGAGCGAAG-1,0,T cells
ATTGATGATCTATC-1,0,T cells
ATTGCACTGACGGA-1,0,T cells
ATTGCACTGAGAGC-1,1,Monocytes
ATTGCACTGGAGCA-1,1,Monocytes
ATTGCACTTAGCCA-1,0,T cells
ATTGCACTTGCTTT-1,1,Monocytes
ATTGCTTGTTACTC-1,3,B cells
ATTGGTCTGACTAC-1,3,B cells
ATTGGTCTTGTCTT-1,3,B cells
ATTGTAGATTCCCG-1,1,Monocytes
ATTGTAGATTGCAG-1,2,NK cells
ATTGTCTGCGTACA-1,0,T cells
ATTTAGGAACCATG-1,1,Monocytes
ATTTAGGACAGAGG-1,0,T cells
ATTTCCGAGATGAA-1,0,T cells
ATTTCCGAGTGCTA-1,0,T cells
ATTTCGTGTATGGC-1,2,NK cells
ATTTCTCTACTTTC-1,1,Monocytes
ATTTCTCTAGCAAA-1,0,T cells
ATTTCTCTCACTTT-1,1,Monocytes
ATTTCTCTTCCCAC-1,0,T cells
ATTTGCACAAGATG-1,1,Monocytes
CAAAGCACAGCTCA-1,0,T cells
CAAAGCACCGTAAC-1,3,B cells
CAAAGCACGGTAAA-1,2,NK cells
CAAAGCTGAAAGTG-1,0,T cells
CAAAGCTGTTGCTT-1,1,Monocytes
CAAATATGTGACAC-1,0,T cells
CAAATTGAGGGCAA-1,0,T cells
CAAATTGATGGAGG-1,1,Monocytes
CAACCAGAAAAGTG-1,0,T cells
CAACCAGAAGTGCT-1,0,T cells
CAACCAGAGTTCAG-1,1,Monocytes
CAACCAGATAGAAG-1,1,Monocytes
CAACCGCTGTTCAG-1,0,T cells
CAACCGCTTTGAGC-1,0,T cells
CAACGATGCGCAAT-1,1,Monocytes
CAACGTGACTCCAC-1,1,Monocytes
CAACGTGAGCCATA-1,2,NK cells
CAACGTGATCAAGC-1,1,Monocytes
CAAGAAGACCACAA-1,2,NK cells
CAAGAAGACGTCTC-1,1,Monocytes
CAAGAAGATTCTAC-1,0,T cells
CAAGACTGACCTGA-1,3,B cells
CAAGACTGAGTAGA-1,3,B cells
CAAGCTGACCATAG-1,1,Monocytes
CAAGCTGATCTATC-1,2,NK cells
CAAGGACTGTTCAG-1,0,T cells
CAAGGACTTCTTTG-1,2,NK cells
CAAGGTTGCTCCAC-1,0,T cells
CAAGGTTGTCATTC-1,3,B cells
CAAGGTTGTCTGGA-1,2,NK cells
CAAGTCGAAACAGA-1,3,B cells
CAAGTCGATAGCGT-1,1,Monocytes
CAATAAACGCCATA-1,1,Monocytes
CAATAATGAACTGC-1,1,Monocytes
CAATATGACATGGT-1,0,T cells
CAATATGACCTTCG-1,2,NK cells
CAATATGACGTTAG-1,0,T cells
CAATATGAGGAGCA-1,0,T cells
CAATCGGAGAAACA-1,0,T cells
CAATCTACTGACTG-1,2,NK cells
CAATTCACCCAACA-1,2,NK cells
CAATTCACGATAGA-1,0,T cells
CAATTCACTTGTGG-1,0,T cells
CAATTCTGCTTGTT-1,1,Monocytes
CAATTCTGGCGTAT-1,1,Monocytes
CACAACGATACGAC-1,0,T cells
CACAATCTTGTTCT-1,2,NK cells
CACAATCTTTCCAT-1,0,T cells
CACACCTGCTTGAG-1,0,T cells
CACACCTGTATGGC-1,0,T cells
CACAGAACCCTTGC-1,2,NK cells
CACAGAACCTGATG-1,0,T cells
CACAGATGGGATTC-1,0,T cells
CACAGATGGTTTCT-1,4,Platelets
CACAGCCTGATACC-1,2,NK cells
CACAGCCTTGCCAA-1,1,Monocytes
CACAGCCTTGTAGC-1,0,T cells
CACAGTGATGAAGA-1,1,Monocytes
CACATACTACAGCT-1,2,NK cells
CACATGGAACACGT-1,0,T cells
CACATGGAAGTCGT-1,0,T cells
CACCACTGCCAACA-1,0,T cells
CACCACTGGCGAAG-1,0,T cells
CACCCATGTTCTGT-1,2,NK cells
CACCGGGAATCGAC-1,0,T cells
CACCGGGACGAGAG-1,2,NK cells
CACCGGGACGTGTA-1,0,T cells
CACCGGGACTTCTA-1,2,NK cells
CACCGGGACTTGCC-1,2,NK cells
CACCGGGATTCGGA-1,2,NK cells
CACCGTACTAAGGA-1,3,B cells
CACCGTACTAGCGT-1,0,T cells
CACCTGACACCCAA-1,2,NK cells
CACCTGACCAGAAA-1,0,T cells
CACCTGACCTCAAG-1,2,NK cells
CACCTGACGAAAGT-1,3,B cells
CACCTGACTCGTAG-1,0,T cells
CACGAAACTTCCGC-1,3,B cells
CACGACCTCGATAC-1,3,B cells
CACGCTACAGAAGT-1,0,T cells
CACGCTACTGTTCT-1,3,B cells
CACGGGACAGAGTA-1,0,T cells
CACGGGACATAAGG-1,0,T cells
CACGGGACGTAGGG-1,0,T cells
CACGGGTGCTTCGC-1,2,NK cells
CACGGGTGGAGGAC-1,2,NK cells
CACGGGTGTGTTTC-1,0,T cells
CACTAACTCCTAAG-1,3,B cells
CACTAACTGAAAGT-1,0,T cells
CACTAGGATGATGC-1,3,B cells
CACTATACCCCGTT-1,3,B cells
CACTATACGTTTGG-1,2,NK cells
CACTGAGACAGTCA-1,1,Monocytes
CACTGCACTTCATC-1,0,T cells
CACTGCTGAGACTC-1,1,Monocytes
CACTGCTGGAAAGT-1,0,T cells
CACTTAACCGAATC-1,0,T cells
CACTTAACCGTACA-1,3,B cells
CACTTTGACTCTAT-1,2,NK cells
CACTTTGAGCTGTA-1,2,NK cells
CAGAAGCTCTCAAG-1,0,T cells
CAGACATGAACGGG-1,0,T cells
CAGACATGTCGACA-1,0,T cells
CAGACCCTAAGGTA-1,1,Monocytes
CAGACCCTAATGCC-1,0,T cells
CAGACCCTAGGAGC-1,0,T cells
CAGACTGAGTATGC-1,0,T cells
CAGATCGAATGTCG-1,3,B cells
CAGATCGACCTGAA-1,2,NK cells
CAGATCGATATGGC-1,0,T cells
CAGATGACATTCTC-1,2,NK cells
CAGCAATGCCTTCG-1,0,T cells
CAGCAATGGAGGGT-1,2,NK cells
CAGCAATGGTGCTA-1,0,T cells
CAGCAATGTCTACT-1,1,Monocytes
CAGCAATGTGACCA-1,0,T cells
CAGCAATGTGAGGG-1,1,Monocytes
CAGCACCTAAGCCT-1,0,T cells
CAGCACCTAGGCGA-1,0,T cells
CAGCACCTGTAGGG-1,1,Monocytes
CAGCATGACAACCA-1,1,Monocytes
CAGCATGAGACGTT-1,2,NK cells
CAGCCTACCCAACA-1,0,T cells
CAGCCTTGCTACCC-1,1,Monocytes
CAGCCTTGGGGACA-1,0,T cells
CAGCGGACACCCTC-1,0,T cells
CAGCGGACCTTTAC-1,2,NK cells
CAGCGTCTAAAGCA-1,0,T cells
CAGCGTCTTATCGG-1,0,T cells
CAGCTAGATGTGAC-1,1,Monocytes
CAGCTCTGAGGCGA-1,0,T cells
CAGCTCTGCAAGCT-1,2,NK cells
CAGCTCTGTCGTAG-1,1,Monocytes
CAGCTCTGTGTGGT-1,2,NK cells
CAGGAACTAACTGC-1,2,NK cells
CAGGAACTCTCAGA-1,1,Monocytes
CAGGCCGAACACCA-1,0,T cells
CAGGCCGAACACGT-1,0,T cells
CAGGCCGAACGACT-1,0,T cells
CAGGCCGAATCTCT-1,1,Monocytes
CAGGCCGACTAGCA-1,3,B cells
CAGGGCACCATACG-1,3,B cells
CAGGGCACCCAACA-1,0,T cells
CAGGGCACTCCCGT-1,0,T cells
CAGGTAACAGACTC-1,1,Monocytes
CAGGTATGAGTCGT-1,0,T cells
CAGGTATGTGCTTT-1,0,T cells
CAGGTTGAGGATCT-1,3,B cells
CAGTGATGGACGGA-1,3,B cells
CAGTGATGGCTAAC-1,2,NK cells
CAGTGATGGGACAG-1,0,T cells
CAGTGATGTAAGGA-1,3,B cells
CAGTGATGTACGCA-1,3,B cells
CAGTGTGATGTCAG-1,0,T cells
CAGTTACTAAGGTA-1,3,B cells
CAGTTACTGATAGA-1,0,T cells
CAGTTGGAAAGAGT-1,1,Monocytes
CAGTTGGACATACG-1,0,T cells
CAGTTTACACACGT-1,2,NK cells
CAGTTTACCCCAAA-1,0,T cells
CATAAAACGGAGCA-1,1,Monocytes
CATAAATGAACTGC-1,0,T cells
CATAACCTTCTCCG-1,0,T cells
CATACTACCTCGAA-1,0,T cells
CATACTACCTGAAC-1,0,T cells
CATACTACGTACCA-1,1,Monocytes
CATACTTGGGTTAC-1,1,Monocytes
CATAGTCTAATCGC-1,0,T cells
CATAGTCTCACTTT-1,0,T cells
CATATAGACTAAGC-1,1,Monocytes
CATATAGATCAGGT-1,3,B cells
CATCAACTAGAAGT-1,0,T cells
CATCAACTCCCTCA-1,0,T cells
CATCAGGACTTCCG-1,2,NK cells
CATCAGGATAGCCA-1,2,NK cells
CATCAGGATCCTAT-1,1,Monocytes
CATCAGGATGCACA-1,1,Monocytes
CATCAGGATTTCGT-1,1,Monocytes
CATCATACCGCATA-1,1,Monocytes
CATCATACGGAGCA-1,3,B cells
CATCATACTCAAGC-1,0,T cells
CATCGCTGGGATCT-1,0,T cells
CATCGCTGTGGCAT-1,3,B cells
CATCGGCTATGCTG-1,0,T cells
CATCGGCTTTGGCA-1,0,T cells
CATCTCCTATGTGC-1,3,B cells
CATCTCCTCGAACT-1,1,Monocytes
CATGAGACACGGGA-1,3,B cells
CATGAGACGTTGAC-1,2,NK cells
CATGAGACTCGCCT-1,0,T cells
CATGCCACGGGTGA-1,0,T cells
CATGCCACTGCCAA-1,0,T cells
CATGCGCTAGTCAC-1,1,Monocytes
CATGCGCTCAGATC-1,1,Monocytes
CATGCGCTTTGCAG-1,1,Monocytes
CATGGCCTAGGGTG-1,1,Monocytes
CATGGCCTGTGCAT-1,0,T cells
CATGTACTATCGTG-1,2,NK cells
CATGTTACAGTCGT-1,2,NK cells
CATGTTACCTGAGT-1,0,T cells
CATGTTTGGGGATG-1,1,Monocytes
CATTACACACGGAG-1,3,B cells
CATTACACCAACTG-1,2,NK cells
CATTACACGGAGTG-1,0,T cells
CATTACACTACTCT-1,0,T cells
CATTAGCTCCACAA-1,1,Monocytes
CATTGACTAGCGGA-1,1,Monocytes
CATTGGGACTCGAA-1,0,T cells
CATTGTACAGCGTT-1,0,T cells
CATTGTACTCGATG-1,3,B cells
CATTGTACTTATCC-1,0,T cells
CATTGTACTTTGCT-1,1,Monocytes
CATTGTTGCTAGTG-1,0,T cells
CATTTCGACTCTAT-1,2,NK cells
CATTTCGAGATACC-1,2,NK cells
CATTTGACCACACA-1,2,NK cells
CATTTGACCCTGAA-1,2,NK cells
CATTTGTGACGACT-1,3,B cells
CATTTGTGCATTGG-1,0,T cells
CATTTGTGCGGAGA-1,0,T cells
CATTTGTGGGATCT-1,3,B cells
CCAAAGTGCTACGA-1,1,Monocytes
CCAAAGTGTGAGAA-1,1,Monocytes
CCAACCTGAAGTAG-1,2,NK cells
CCAACCTGACGTAC-1,1,Monocytes
CCAACCTGTTCGCC-1,1,Monocytes
CCAAGAACCCAATG-1,0,T cells
CCAAGAACGTAGCT-1,0,T cells
CCAAGAACGTGTCA-1,0,T cells
CCAAGAACTACTGG-1,2,NK cells
CCAAGAACTCCTAT-1,3,B cells
CCAAGATGTCATTC-1,0,T cells
CCAAGATGTTTCAC-1,0,T cells
CCAAGTGAGGAACG-1,0,T cells
CCAAGTGATCAAGC-1,0,T cells
CCAATTTGAACGTC-1,1,Monocytes
CCACCATGAACGTC-1,0,T cells
CCACCATGATCGGT-1,0,T cells
CCACCATGGACGAG-1,1,Monocytes
CCACCATGGGGAGT-1,0,T cells
CCACCATGTCCTGC-1,2,NK cells
CCACTGACCCGCTT-1,1,Monocytes
CCACTGTGGGAAGC-1,1,Monocytes
CCACTGTGTGTAGC-1,0,T cells
CCACTTCTCGGGAA-1,1,Monocytes
CCAGAAACCCTGTC-1,3,B cells
CCAGAAACGAACTC-1,0,T cells
CCAGAAACGGTCTA-1,0,T cells
CCAGACCTCTGAGT-1,1,Monocytes
CCAGACCTTGTGGT-1,0,T cells
CCAGCACTGCGATT-1,1,Monocytes
CCAGCGGAAAGGCG-1,1,Monocytes
CCAGCGGACGACTA-1,1,Monocytes
CCAGCGGATGGGAG-1,0,T cells
CCAGCTACACAGTC-1,0,T cells
CCAGCTACCAGCTA-1,3,B cells
CCAGGTCTACACCA-1,3,B cells
CCAGGTCTAGCATC-1,1,Monocytes
CCAGGTCTATGGTC-1,0,T cells
CCAGTCACACTGGT-1,1,Monocytes
CCAGTCACACTGTG-1,3,B cells
CCAGTCACGTTGTG-1,0,T cells
CCAGTGCTAACCAC-1,0,T cells
CCAGTGCTCGTAGT-1,0,T cells
CCATCCGAAAGCAA-1,0,T cells
CCATCCGAACGACT-1,0,T cells
CCATCCGAAGGTTC-1,3,B cells
CCATCCGATTCGCC-1,1,Monocytes
CCATCGTGAACGGG-1,0,T cells
CCATCGTGCTAGAC-1,1,Monocytes
CCCAACACCTCGCT-1,3,B cells
CCCAACACGCATCA-1,0,T cells
CCCAACACTTTGTC-1,1,Monocytes
CCCAACTGCAATCG-1,1,Monocytes
CCCAGACTGCCTTC-1,1,Monocytes
CCCAGACTGGTTTG-1,3,B cells
CCCAGACTTTCGCC-1,1,Monocytes
CCCAGTTGCAGTTG-1,1,Monocytes
CCCAGTTGGGTACT-1,2,NK cells
CCCAGTTGTCTATC-1,3,B cells
CCCGATTGTGTTTC-1,0,T cells
CCCGGAGAAGGGTG-1,1,Monocytes
CCCTACGAATTGGC-1,1,Monocytes
CCCTAGTGCAAAGA-1,0,T cells
CCCTCAGACACTTT-1,3,B cells
CCCTCAGACGAGAG-1,0,T cells
CCCTCAGAGGTCAT-1,0,T cells
CCCTGAACTAAAGG-1,3,B cells
CCCTGATGCAACCA-1,0,T cells
CCCTGATGCAAGCT-1,3,B cells
CCCTTACTAACCAC-1,1,Monocytes
CCCTTACTGCAGTT-1,2,NK cells
CCGAAAACCTTGTT-1,1,Monocytes
CCGACACTGGTTTG-1,0,T cells
CCGACTACCCAGTA-1,1,Monocytes
CCGACTACCGTGTA-1,0,T cells
CCGACTACTGAGGG-1,2,NK cells
CCGATAGACCTAAG-1,0,T cells
CCGATAGAGTTGGT-1,1,Monocytes
CCGCGAGACACACA-1,1,Monocytes
CCGCGAGAGGTTCA-1,2,NK cells
CCGCTATGGGACGA-1,3,B cells
CCGCTATGTGCAAC-1,1,Monocytes
CCGCTATGTGCACA-1,1,Monocytes
CCGGTACTGTCCTC-1,0,T cells
CCGTACACAAGCAA-1,0,T cells
CCGTACACAGCGTT-1,3,B cells
CCGTACACGTCATG-1,2,NK cells
CCGTACACGTTGGT-1,1,Monocytes
CCGTACACTAACGC-1,2,NK cells
CCTAAACTTTCGTT-1,0,T cells
CCTAAGGACCCAAA-1,0,T cells
CCTAAGGACTAGCA-1,1,Monocytes
CCTAAGGAGGGCAA-1,2,NK cells
CCTAAGGATGATGC-1,0,T cells
CCTAAGGATGTCAG-1,0,T cells
CCTACCGACTCTTA-1,0,T cells
CCTACCGAGGGATG-1,3,B cells
CCTAGAGAGGTGAG-1,3,B cells
CCTATAACCAAAGA-1,0,T cells
CCTATAACGAGACG-1,1,Monocytes
CCTATAACTCAGAC-1,0,T cells
CCTATAACTGCATG-1,1,Monocytes
CCTCGAACACTTTC-1,2,NK cells
CCTCGAACCCGTAA-1,1,Monocytes
CCTCGAACGTATCG-1,0,T cells
CCTCGAACTTACTC-1,0,T cells
CCTCTACTCTTCGC-1,1,Monocytes
CCTCTACTGGCATT-1,0,T cells
CCTGACTGAAGTAG-1,2,NK cells
CCTGACTGGGGAGT-1,0,T cells
CCTGACTGTGTCTT-1,3,B cells
CCTGCAACACGTTG-1,1,Monocytes
CCTGGACTCGTGAT-1,0,T cells
CCTTAATGCCCAAA-1,3,B cells
CCTTAATGTTCTAC-1,1,Monocytes
CCTTCACTACGACT-1,0,T cells
CCTTCACTCAGTCA-1,3,B cells
CCTTCACTGGAGTG-1,1,Monocytes
CCTTTAGATTCATC-1,1,Monocytes
CGAACATGCCCTAC-1,1,Monocytes
CGAACATGTCAGAC-1,0,T cells
CGAAGACTGGAACG-1,2,NK cells
CGAAGACTGTTACG-1,0,T cells
CGAAGGGAAACCTG-1,2,NK cells
CGAAGGGATCCGAA-1,3,B cells
CGAAGTACCAACTG-1,3,B cells
CGAATCGAGGAGCA-1,1,Monocytes
CGAATCGAGGAGGT-1,0,T cells
CGACAAACCCATAG-1,0,T cells
CGACAAACCGACAT-1,3,B cells
CGACCACTAAAGTG-1,2,NK cells
CGACCACTGCCAAT-1,2,NK cells
CGACCGGAAGGTCT-1,0,T cells
CGACCGGATGGAAA-1,0,T cells
CGACCTTGCTAGTG-1,0,T cells
CGACGTCTATCGTG-1,2,NK cells
CGACGTCTCGTGTA-1,0,T cells
CGACGTCTGAGGCA-1,0,T cells
CGACTCACGTCGTA-1,0,T cells
CGACTCACGTTGCA-1,0,T cells
CGACTCTGTGTGAC-1,0,T cells
CGACTGCTTCCTCG-1,1,Monocytes
CGAGAACTAAGGCG-1,2,NK cells
CGAGAACTACGTTG-1,0,T cells
CGAGAACTTGTTCT-1,1,Monocytes
CGAGATTGGACACT-1,2,NK cells
CGAGATTGGCCATA-1,2,NK cells
CGAGCCGAACACCA-1,0,T cells
CGAGCCGAGGCGAA-1,0,T cells
CGAGCGTGCTCCAC-1,0,T cells
CGAGCGTGGATACC-1,0,T cells
CGAGCGTGTATGCG-1,1,Monocytes
CGAGGAGACCTCCA-1,3,B cells
CGAGGAGATGTCGA-1,0,T cells
CGAGGCACCTATGG-1,2,NK cells
CGAGGCACTATGCG-1,1,Monocytes
CGAGGCACTCTTCA-1,2,NK cells
CGAGGCTGACGCTA-1,2,NK cells
CGAGGCTGGCAGTT-1,4,Platelets
CGAGGGCTACGACT-1,3,B cells
CGAGGGCTCGAATC-1,0,T cells
CGAGTATGTCACCC-1,1,Monocytes
CGATACGAACAGTC-1,1,Monocytes
CGATACGACAGGAG-1,2,NK cells
CGATACGATTCACT-1,3,B cells
CGATAGACCCGTAA-1,1,Monocytes
CGATAGACCGTACA-1,0,T cells
CGATAGACGTAGGG-1,1,Monocytes
CGATAGACTGTTCT-1,0,T cells
CGATCAGAAGAACA-1,2,NK cells
CGATCAGAGAGGGT-1,0,T cells
CGATCAGAGGTACT-1,0,T cells
CGATCAGATGTGAC-1,1,Monocytes
CGATCCACCGGGAA-1,2,NK cells
CGATCCACTTCCAT-1,3,B cells
CGCAAATGCTCGAA-1,0,T cells
CGCAACCTCCTTGC-1,0,T cells
CGCAACCTGGACGA-1,0,T cells
CGCACGGAGGACGA-1,3,B cells
CGCACGGATCTTTG-1,0,T cells
CGCACTACAGAATG-1,0,T cells
CGCACTACAGCCAT-1,0,T cells
CGCACTACATTGGC-1,0,T cells
CGCACTACTCGCCT-1,3,B cells
CGCACTACTCGTGA-1,2,NK cells
CGCACTTGTCACGA-1,1,Monocytes
CGCAGGACAGATCC-1,2,NK cells
CGCAGGACCTACTT-1,0,T cells
CGCAGGACTTGTCT-1,1,Monocytes
CGCAGGTGCACTGA-1,0,T cells
CGCAGGTGCCATAG-1,4,Platelets
CGCAGGTGGGAACG-1,0,T cells
CGCATAGATCACGA-1,1,Monocytes
CGCCATACTGCAAC-1,0,T cells
CGCCATTGAGAGGC-1,0,T cells
CGCCATTGCTATGG-1,0,T cells
CGCCATTGGAGACG-1,0,T cells
CGCCATTGGAGCAG-1,3,B cells
CGCCATTGTACTGG-1,3,B cells
CGCCGAGAGCTTAG-1,2,NK cells
CGCCTAACGAATGA-1,1,Monocytes
CGCCTAACTGCTCC-1,0,T cells
CGCGAGACACAGCT-1,2,NK cells
CGCGAGACAGGTCT-1,3,B cells
CGCGAGACGCTACA-1,2,NK cells
CGCGATCTCAGTCA-1,1,Monocytes
CGCGATCTGTTGAC-1,1,Monocytes
CGCGATCTTTCTTG-1,3,B cells
CGCGGATGGCCAAT-1,0,T cells
CGCTAAGAATGTCG-1,0,T cells
CGCTAAGACAACTG-1,0,T cells
CGCTAAGACCCTTG-1,0,T cells
CGCTACTGAACAGA-1,1,Monocytes
CGCTACTGAGAACA-1,0,T cells
CGCTACTGTGAGCT-1,0,T cells
CGCTACTGTTCCCG-1,2,NK cells
CGCTCATGCATTTC-1,1,Monocytes
CGGAATTGGTTTGG-1,0,T cells
CGGAATTGTGGAGG-1,0,T cells
CGGACCGATGCGTA-1,2,NK cells
CGGACCGATGGGAG-1,0,T cells
CGGACTCTAAACAG-1,3,B cells
CGGACTCTCCAATG-1,0,T cells
CGGACTCTCCTCGT-1,2,NK cells
CGGAGGCTATTCCT-1,0,T cells
CGGAGGCTTGGATC-1,0,T cells
CGGATAACAACGAA-1,1,Monocytes
CGGATAACAGCTCA-1,0,T cells
CGGATAACTCAGTG-1,1,Monocytes
CGGCACGAACTCAG-1,2,NK cells
CGGCACGAAGGGTG-1,0,T cells
CGGCACGACTACGA-1,1,Monocytes
CGGCATCTTAGAAG-1,2,NK cells
CGGCATCTTCGTAG-1,1,Monocytes
CGGCCAGAAAGGTA-1,0,T cells
CGGCCAGAGAGGCA-1,2,NK cells
CGGCGAACCAGTCA-1,1,Monocytes
CGGCGAACGACAAA-1,2,NK cells
CGGCGAACGGTCTA-1,0,T cells
CGGCGAACTACTTC-1,2,NK cells
CGGGACTGCGTGTA-1,0,T cells
CGGGACTGGAATAG-1,2,NK cells
CGGGCATGACCCAA-1,4,Platelets
CGGGCATGTCTCTA-1,2,NK cells
CGGGCATGTTGTGG-1,0,T cells
CGGTAAACTCGCAA-1,2,NK cells
CGGTCACTGTTTGG-1,0,T cells
CGGTCACTTACTTC-1,0,T cells
CGTAACGATCGCCT-1,0,T cells
CGTACCACACACAC-1,0,T cells
CGTACCACACGTTG-1,0,T cells
CGTACCACCTCATT-1,0,T cells
CGTACCACGGAGCA-1,0,T cells
CGTACCTGGCATCA-1,2,NK cells
CGTAGCCTCTCTCG-1,1,Monocytes
CGTAGCCTGCGAAG-1,0,T cells
CGTAGCCTGTATGC-1,1,Monocytes
CGTCAAGAAAGGTA-1,1,Monocytes
CGTCAAGAACGTGT-1,0,T cells
CGTCAAGACAGAGG-1,0,T cells
CGTCAAGACAGGAG-1,2,NK cells
CGTCCATGCTCTTA-1,0,T cells
CGTCGACTTTCCGC-1,2,NK cells
CGTGATGACGCTAA-1,0,T cells
CGTGATGAGGTTCA-1,0,T cells
CGTGCACTTATGGC-1,1,Monocytes
CGTGTAGAAAAACG-1,0,T cells
CGTGTAGACGATAC-1,2,NK cells
CGTGTAGAGTTACG-1,2,NK cells
CGTGTAGAGTTCAG-1,1,Monocytes
CGTGTAGATTCGGA-1,2,NK cells
CGTTAGGAAACCAC-1,0,T cells
CGTTAGGATCATTC-1,1,Monocytes
CGTTATACCCTGAA-1,2,NK cells
CGTTTAACTGGTCA-1,0,T cells
CTAAACCTCTGACA-1,2,NK cells
CTAAACCTGTGCAT-1,3,B cells
CTAACACTAACGTC-1,0,T cells
CTAACACTAGTGCT-1,1,Monocytes
CTAACGGAACCGAT-1,2,NK cells
CTAACGGATTTCTG-1,0,T cells
CTAACTACGGCAAG-1,2,NK cells
CTAAGGACACCATG-1,0,T cells
CTAAGGACCGTTAG-1,0,T cells
CTAAGGACGCCATA-1,1,Monocytes
CTAAGGTGCCTAAG-1,3,B cells
CTAAGGTGTTGCAG-1,0,T cells
CTAAGGTGTTTCTG-1,0,T cells
CTAATAGAGCTATG-1,0,T cells
CTAATGCTTGTGGT-1,1,Monocytes
CTACAACTCCCGTT-1,2,NK cells
CTACCTCTCAACCA-1,2,NK cells
CTACGCACACCTAG-1,1,Monocytes
CTACGCACTCTCCG-1,0,T cells
CTACGCACTGGTCA-1,2,NK cells
CTACGGCTTTCTTG-1,1,Monocytes
CTACTATGAACCAC-1,1,Monocytes
CTACTATGATGTGC-1,1,Monocytes
CTACTATGCTAAGC-1,0,T cells
CTACTATGTAAAGG-1,3,B cells
CTACTCCTATGTCG-1,2,NK cells
CTACTCCTGCCATA-1,1,Monocytes
CTAGAGACACTTTC-1,0,T cells
CTAGAGACAGCATC-1,2,NK cells
CTAGAGACTTTGGG-1,1,Monocytes
CTAGATCTCTCTAT-1,0,T cells
CTAGATCTTCGACA-1,0,T cells
CTAGGATGAGCCTA-1,3,B cells
CTAGGATGATCGTG-1,3,B cells
CTAGGCCTCTCAGA-1,0,T cells
CTAGGTGATGGTTG-1,1,Monocytes
CTAGTTACCAGAGG-1,0,T cells
CTAGTTACCGCATA-1,0,T cells
CTAGTTACGAAACA-1,2,NK cells
CTATAAGATCGTTT-1,3,B cells
CTATACTGAGGTTC-1,1,Monocytes
CTATACTGCCAGTA-1,0,T cells
CTATACTGCGCTAA-1,1,Monocytes
CTATACTGCTACGA-1,2,NK cells
CTATACTGTCTCAT-1,2,NK cells
CTATACTGTTCGTT-1,1,Monocytes
CTATAGCTGTCACA-1,0,T cells
CTATAGCTTCGCTC-1,1,Monocytes
CTATAGCTTGCCTC-1,1,Monocytes
CTATCAACGAACTC-1,0,T cells
CTATCAACGCAGAG-1,0,T cells
CTATCAACTTTGGG-1,0,T cells
CTATCCCTCCACCT-1,1,Monocytes
CTATGTACGAGAGC-1,0,T cells
CTATGTACGCTTAG-1,0,T cells
CTATGTACTGTTTC-1,3,B cells
CTATGTTGAAAGCA-1,0,T cells
CTATGTTGTCCTCG-1,0,T cells
CTATGTTGTCTCGC-1,0,T cells
CTATTGACAAACGA-1,1,Monocytes
CTATTGACACTGGT-1,1,Monocytes
CTATTGACGGTGAG-1,1,Monocytes
CTATTGTGGCAAGG-1,2,NK cells
CTCAATTGGTTCAG-1,0,T cells
CTCAATTGGTTGCA-1,1,Monocytes
CTCAGAGATAGAAG-1,0,T cells
CTCAGCACTCTAGG-1,0,T cells
CTCAGCACTGAACC-1,1,Monocytes
CTCAGCACTTGCAG-1,0,T cells
CTCAGCTGAACCTG-1,1,Monocytes
CTCAGCTGCAGTTG-1,2,NK cells
CTCAGGCTCGTTGA-1,1,Monocytes
CTCAGGCTGCTAAC-1,0,T cells
CTCATTGACCTTAT-1,0,T cells
CTCATTGATGCTTT-1,1,Monocytes
CTCCACGAGAGATA-1,1,Monocytes
CTCCATCTCTTAGG-1,0,T cells
CTCCATCTGACGAG-1,0,T cells
CTCCGAACAAGTGA-1,1,Monocytes
CTCCTACTGCCTTC-1,1,Monocytes
CTCGAAGATGTGGT-1,0,T cells
CTCGAAGATTAGGC-1,1,Monocytes
CTCGACTGCTCTAT-1,0,T cells
CTCGACTGGGTGAG-1,0,T cells
CTCGACTGGTTGAC-1,2,NK cells
CTCGAGCTCTGGAT-1,2,NK cells
CTCGCATGACTTTC-1,2,NK cells
CTCGCATGCTTAGG-1,0,T cells
CTCTAAACCTCGAA-1,0,T cells
CTCTAAACGGCGAA-1,0,T cells
CTCTAATGTCCAAG-1,1,Monocytes
CTGAACGACAGTCA-1,0,T cells
CTGAACGATGAGGG-1,0,T cells
CTGAAGACCCAACA-1,0,T cells
CTGAAGACGTGCAT-1,3,B cells
CTGAAGTGAAGCCT-1,1,Monocytes
CTGAAGTGCAGCTA-1,3,B cells
CTGAAGTGGCTATG-1,0,T cells
CTGAAGTGTCCAGA-1,0,T cells
CTGAATCTGAATAG-1,0,T cells
CTGACAGAATCGTG-1,2,NK cells
CTGACCACAGCAAA-1,0,T cells
CTGAGAACCGGGAA-1,0,T cells
CTGAGAACGTAAAG-1,2,NK cells
CTGATACTAGTAGA-1,0,T cells
CTGATTTGGTGTTG-1,1,Monocytes
CTGCAGCTAACCGT-1,0,T cells
CTGCAGCTGACACT-1,0,T cells
CTGCAGCTGGATTC-1,1,Monocytes
CTGCAGCTTGGCAT-1,0,T cells
CTGCCAACAGGAGC-1,2,NK cells
CTGCCAACCAGCTA-1,0,T cells
CTGCCAACTAACCG-1,1,Monocytes
CTGCCAACTGCTCC-1,2,NK cells
CTGCCAACTTGCAG-1,0,T cells
CTGCCAACTTGCTT-1,2,NK cells
CTGCGACTCCACCT-1,2,NK cells
CTGGAAACAAACGA-1,2,NK cells
CTGGAAACATCGAC-1,0,T cells
CTGGATGACTGGAT-1,2,NK cells
CTGGATGACTTGTT-1,0,T cells
CTGGATGATGTGAC-1,0,T cells
CTGGCACTCAAGCT-1,1,Monocytes
CTGTAACTAACCAC-1,0,T cells
CTGTAACTAGCGTT-1,0,T cells
CTGTATACGTAAAG-1,0,T cells
CTGTATACGTACGT-1,1,Monocytes
CTGTATACGTTGGT-1,0,T cells
CTGTGAGACAACCA-1,1,Monocytes
CTGTGAGACCTTGC-1,2,NK cells
CTGTGAGACGAACT-1,1,Monocytes
CTGTGAGACTGTAG-1,1,Monocytes
CTTAAAGAACCTGA-1,0,T cells
CTTAACACCTGTAG-1,0,T cells
CTTAACACTATCGG-1,3,B cells
CTTAAGCTACCTAG-1,0,T cells
CTTAAGCTAGTACC-1,2,NK cells
CTTAAGCTCATCAG-1,0,T cells
CTTAAGCTCCGCTT-1,3,B cells
CTTACAACTAACGC-1,0,T cells
CTTACAACTCCCGT-1,1,Monocytes
CTTACTGACGTACA-1,0,T cells
CTTAGACTAAACGA-1,0,T cells
CTTAGGGACTTGCC-1,0,T cells
CTTAGGGAGAATCC-1,0,T cells
CTTATCGACTCATT-1,0,T cells
CTTCACCTACCTGA-1,1,Monocytes
CTTCATGAAGCATC-1,3,B cells
CTTCATGAAGTACC-1,0,T cells
CTTCATGACCGAAT-1,2,NK cells
CTTGAACTACGCAT-1,0,T cells
CTTGATTGAGGTTC-1,2,NK cells
CTTGATTGATCTTC-1,4,Platelets
CTTGATTGCATTCT-1,0,T cells
CTTGATTGTTTCGT-1,0,T cells
CTTGTATGACACCA-1,3,B cells
CTTGTATGCGCAAT-1,3,B cells
CTTTACGAGCGAAG-1,0,T cells
CTTTAGACCGTGAT-1,0,T cells
CTTTAGACGAGACG-1,0,T cells
CTTTAGACGATACC-1,0,T cells
CTTTAGACGTTGGT-1,2,NK cells
CTTTAGACTCATTC-1,2,NK cells
CTTTAGTGACGGGA-1,2,NK cells
CTTTAGTGGGTGGA-1,0,T cells
CTTTCAGAGAAACA-1,0,T cells
CTTTGATGAGCACT-1,0,T cells
CTTTGATGTCTAGG-1,2,NK cells
CTTTGATGTGTCCC-1,0,T cells
CTTTGATGTGTGGT-1,0,T cells
GAAACAGAACTACG-1,0,T cells
GAAACAGAATCACG-1,0,T cells
GAAACAGACATTCT-1,0,T cells
GAAACCTGATCGTG-1,0,T cells
GAAACCTGATGCCA-1,0,T cells
GAAACCTGCTTATC-1,0,T cells
GAAACCTGGACTAC-1,4,Platelets
GAAACCTGTGCTAG-1,0,T cells
GAAAGATGATTTCC-1,0,T cells
GAAAGATGCTGATG-1,1,Monocytes
GAAAGATGCTTCGC-1,1,Monocytes
GAAAGATGTAAGGA-1,0,T cells
GAAAGCCTACGTTG-1,3,B cells
GAAAGTGAAAGTGA-1,1,Monocytes
GAAAGTGACCACAA-1,1,Monocytes
GAAAGTGACTCAAG-1,0,T cells
GAAATACTACCAAC-1,1,Monocytes
GAAATACTCTTAGG-1,3,B cells
GAAATACTTCCTCG-1,0,T cells
GAACACACGTGCAT-1,1,Monocytes
GAACACACTGCCTC-1,0,T cells
GAACAGCTAACTGC-1,1,Monocytes
GAACAGCTCTCAGA-1,1,Monocytes
GAACCAACCACAAC-1,2,NK cells
GAACCAACTTCCGC-1,2,NK cells
GAACCTGAACGTGT-1,0,T cells
GAACCTGAGAGACG-1,0,T cells
GAACCTGATGAACC-1,0,T cells
GAACGGGATACTTC-1,0,T cells
GAACTGTGACCTGA-1,1,Monocytes
GAACTGTGCCAGTA-1,1,Monocytes
GAAGAATGCAATCG-1,0,T cells
GAAGCGGACCTATT-1,1,Monocytes
GAAGCTACGAATGA-1,1,Monocytes
GAAGCTACGGTTTG-1,0,T cells
GAAGGGTGAAAGTG-1,0,T cells
GAAGGGTGCTTAGG-1,1,Monocytes
GAAGGTCTGAAAGT-1,0,T cells
GAAGGTCTGTTGCA-1,0,T cells
GAAGGTCTTAAAGG-1,1,Monocytes
GAAGTAGACTCCCA-1,2,NK cells
GAAGTAGATCCAAG-1,1,Monocytes
GAAGTCACCCTCGT-1,1,Monocytes
GAAGTCACCCTGTC-1,3,B cells
GAAGTCTGTCGCAA-1,3,B cells
GAAGTCTGTTCTGT-1,0,T cells
GAAGTGCTAAACGA-1,2,NK cells
GAAGTGCTCCGCTT-1,1,Monocytes
GAAGTGCTTAACCG-1,0,T cells
GAATGCACCCTAAG-1,0,T cells
GAATGCACCTTCGC-1,2,NK cells
GAATGCTGCGGTAT-1,0,T cells
GAATTAACGATAAG-1,0,T cells
GAATTAACGGTCAT-1,0,T cells
GAATTAACGTCGTA-1,2,NK cells
GAATTAACTGAAGA-1,3,B cells
GACAACACAGGCGA-1,0,T cells
GACAACACATCGTG-1,0,T cells
GACAACACTCGCCT-1,2,NK cells
GACAACTGAGGTTC-1,0,T cells
GACAGGGAAGAGTA-1,3,B cells
GACAGGGAATGCCA-1,0,T cells
GACAGTACGAGCTT-1,1,Monocytes
GACAGTACTTCGGA-1,1,Monocytes
GACAGTTGAGTAGA-1,3,B cells
GACATTCTCCACCT-1,1,Monocytes
GACCAAACGACTAC-1,1,Monocytes
GACCAAACGTATCG-1,1,Monocytes
GACCCTACTAAAGG-1,3,B cells
GACCTAGACCTCAC-1,0,T cells
GACCTAGACGAGAG-1,0,T cells
GACCTCACAAGGTA-1,0,T cells
GACCTCACGTACGT-1,1,Monocytes
GACCTCTGCATCAG-1,0,T cells
GACGAACTCCCACT-1,0,T cells
GACGATTGCCAATG-1,3,B cells
GACGCCGACCTTCG-1,0,T cells
GACGCTCTCTCTCG-1,4,Platelets
GACGGCACACGGGA-1,2,NK cells
GACGGCACGAGATA-1,1,Monocytes
GACGTAACCTATGG-1,0,T cells
GACGTAACCTGTGA-1,0,T cells
GACGTAACTATGGC-1,0,T cells
GACGTATGTTGACG-1,0,T cells
GACGTATGTTTGCT-1,0,T cells
GACGTCCTACGGAG-1,0,T cells
GACGTCCTCTCAAG-1,1,Monocytes
GACGTCCTGATAAG-1,3,B cells
GACTACGATGGTCA-1,3,B cells
GACTCCTGCTCGCT-1,0,T cells
GACTCCTGGGTTAC-1,0,T cells
GACTCCTGTTATCC-1,0,T cells
GACTCCTGTTGGTG-1,1,Monocytes
GACTGAACCAATCG-1,1,Monocytes
GACTGATGTGATGC-1,0,T cells
GACTTTACATGCCA-1,0,T cells
GACTTTACGACAGG-1,3,B cells
GAGAAATGTTCTCA-1,3,B cells
GAGATAGAAAAAGC-1,1,Monocytes
GAGATCACGACAAA-1,1,Monocytes
GAGATGCTCTGGAT-1,2,NK cells
GAGATGCTGAATGA-1,0,T cells
GAGCAGGATTCCCG-1,2,NK cells
GAGCATACTTTGCT-1,1,Monocytes
GAGCGCACGCGTAT-1,1,Monocytes
GAGCGCACGGTGAG-1,2,NK cells
GAGCGCTGAAGATG-1,2,NK cells
GAGCGCTGTCTTAC-1,1,Monocytes
GAGCGGCTGGGAGT-1,3,B cells
GAGGACGACTCAGA-1,2,NK cells
GAGGATCTGAAAGT-1,3,B cells
GAGGCAGACTTGCC-1,2,NK cells
GAGGGAACACCAGT-1,2,NK cells
GAGGGAACGAGGGT-1,0,T cells
GAGGGATGGGAAAT-1,0,T cells
GAGGGCCTTCACCC-1,0,T cells
GAGGGTGAAGAGTA-1,0,T cells
GAGGTACTACGGTT-1,0,T cells
GAGGTACTACTCAG-1,1,Monocytes
GAGGTACTGACACT-1,2,NK cells
GAGGTACTGGGAGT-1,0,T cells
GAGGTACTTAGCGT-1,1,Monocytes
GAGGTGGAGTACGT-1,0,T cells
GAGGTGGATCCTCG-1,2,NK cells
GAGGTTACTCGTTT-1,1,Monocytes
GAGGTTTGTAAGCC-1,1,Monocytes
GAGTCAACCATTCT-1,0,T cells
GAGTCAACGGGAGT-1,0,T cells
GAGTCTGATCGTGA-1,0,T cells
GAGTCTGATTTGGG-1,3,B cells
GAGTGACTCAGCTA-1,0,T cells
GAGTGACTCGGTAT-1,2,NK cells
GAGTGACTCTTGCC-1,3,B cells
GAGTGACTGACTAC-1,3,B cells
GAGTGACTGTCTAG-1,0,T cells
GAGTGGGAGTCTTT-1,3,B cells
GAGTGGGATGCCCT-1,0,T cells
GAGTGGGATGCTGA-1,3,B cells
GAGTGTTGCTGTAG-1,0,T cells
GAGTGTTGTGGTCA-1,0,T cells
GAGTTGTGCATGGT-1,1,Monocytes
GAGTTGTGCTGAGT-1,2,NK cells
GAGTTGTGGCGAGA-1,1,Monocytes
GAGTTGTGGTAGCT-1,4,Platelets
GAGTTGTGTATGCG-1,1,Monocytes
GATAAGGAGAAACA-1,1,Monocytes
GATAAGGATTCACT-1,1,Monocytes
GATACTCTATCGGT-1,0,T cells
GATACTCTTACTTC-1,0,T cells
GATACTCTTGACTG-1,1,Monocytes
GATAGAGAAGGGTG-1,2,NK cells
GATAGAGACTGTGA-1,0,T cells
GATAGAGATCACGA-1,1,Monocytes
GATAGCACCCATAG-1,0,T cells
GATAGCACGAAGGC-1,1,Monocytes
GATAGCACTTGTCT-1,0,T cells
GATATAACAAGGTA-1,0,T cells
GATATAACACGCAT-1,0,T cells
GATATATGCTGGAT-1,0,T cells
GATATATGTCCGTC-1,2,NK cells
GATATATGTGGAGG-1,1,Monocytes
GATATCCTAGAAGT-1,0,T cells
GATATCCTCCCGTT-1,1,Monocytes
GATATTGACAGGAG-1,2,NK cells
GATATTGACGAGTT-1,1,Monocytes
GATATTGAGCCAAT-1,0,T cells
GATCCCTGACCTTT-1,2,NK cells
GATCCCTGTGTAGC-1,2,NK cells
GATCCGCTGGTCAT-1,1,Monocytes
GATCGAACCGAGAG-1,0,T cells
GATCGATGACTAGC-1,3,B cells
GATCGATGGTAAAG-1,3,B cells
GATCGATGTAAGGA-1,1,Monocytes
GATCGTGACACTAG-1,0,T cells
GATCGTGATTCACT-1,0,T cells
GATCTACTGGTGAG-1,2,NK cells
GATCTACTTTGCAG-1,3,B cells
GATCTTACACCCAA-1,1,Monocytes
GATCTTACCCTACC-1,0,T cells
GATCTTACGAATAG-1,1,Monocytes
GATCTTACGAGATA-1,1,Monocytes
GATGCAACTCCAGA-1,0,T cells
GATGCCCTACGTAC-1,0,T cells
GATGCCCTCTCATT-1,0,T cells
GATGCCCTGGCAAG-1,1,Monocytes
GATGCCCTTTTGCT-1,0,T cells
GATTACCTTGTTCT-1,0,T cells
GATTCGGAACGACT-1,0,T cells
GATTCGGACAGGAG-1,1,Monocytes
GATTCGGAGAAGGC-1,1,Monocytes
GATTCTTGATTCGG-1,1,Monocytes
GATTCTTGCCGATA-1,0,T cells
GATTCTTGCGAGTT-1,3,B cells
GATTGGACCCGTTC-1,3,B cells
GATTGGACGGTGTT-1,3,B cells
GATTGGACTTTCGT-1,3,B cells
GATTGGTGTGTCAG-1,0,T cells
GATTTAGACACTCC-1,1,Monocytes
GATTTAGACTAAGC-1,3,B cells
GATTTAGATTCGTT-1,1,Monocytes
GATTTGCTAACGAA-1,0,T cells
GATTTGCTAACGGG-1,1,Monocytes
GCAACCCTCCTCGT-1,1,Monocytes
GCAACTGATTGCGA-1,0,T cells
GCAAGACTACTGGT-1,0,T cells
GCAAGACTAGGTCT-1,0,T cells
GCAAGACTCCCTTG-1,0,T cells
GCAATCGACTGCAA-1,2,NK cells
GCAATCGAGACGTT-1,1,Monocytes
GCAATCGATCCTTA-1,1,Monocytes
GCAATTCTCGTGTA-1,0,T cells
GCAATTCTTCTCCG-1,0,T cells
GCACAAACAATGCC-1,2,NK cells
GCACAAACGGTACT-1,0,T cells
GCACAATGGTGCAT-1,1,Monocytes
GCACACCTGTGCTA-1,2,NK cells
GCACCACTCATGAC-1,1,Monocytes
GCACCACTGTTTGG-1,1,Monocytes
GCACCACTTCCTTA-1,2,NK cells
GCACCACTTTCGGA-1,1,Monocytes
GCACCTACGCGATT-1,0,T cells
GCACCTTGGCTGTA-1,0,T cells
GCACCTTGGGGAGT-1,1,Monocytes
GCACGGACCAGCTA-1,0,T cells
GCACGGTGACCTCC-1,0,T cells
GCACGGTGCTATGG-1,1,Monocytes
GCACTAGAACGGGA-1,0,T cells
GCACTAGAAGATGA-1,3,B cells
GCACTAGACCTTTA-1,1,Monocytes
GCACTAGACGTAAC-1,3,B cells
GCACTAGAGTCGTA-1,2,NK cells
GCACTAGATGCAAC-1,0,T cells
GCACTGCTGAGGCA-1,2,NK cells
GCAGATACAGCGTT-1,2,NK cells
GCAGATACGACGGA-1,0,T cells
GCAGATACGCAGAG-1,0,T cells
GCAGCCGACAGTCA-1,0,T cells
GCAGCGTGCACTCC-1,0,T cells
GCAGCTCTCAATCG-1,0,T cells
GCAGCTCTGTTTCT-1,0,T cells
GCAGGGCTAAGAAC-1,0,T cells
GCAGGGCTAAGGGC-1,0,T cells
GCAGGGCTATCGAC-1,2,NK cells
GCAGGGCTTGGGAG-1,2,NK cells
GCAGTCCTAACTGC-1,0,T cells
GCAGTCCTCTCTTA-1,0,T cells
GCATCAGATGCGTA-1,2,NK cells
GCATGTGACAAGCT-1,0,T cells
GCATTGGAGAAGGC-1,0,T cells
GCCAAAACGAGGCA-1,2,NK cells
GCCAAATGATCGAC-1,2,NK cells
GCCAACCTACGGTT-1,0,T cells
GCCAACCTCGCCTT-1,0,T cells
GCCACGGAGGCGAA-1,1,Monocytes
GCCACGGATACTGG-1,0,T cells
GCCACTACGTCTTT-1,0,T cells
GCCCAACTACCGAT-1,0,T cells
GCCCAACTATGGTC-1,2,NK cells
GCCCATACAGCGTT-1,2,NK cells
GCCGACGAACTCTT-1,1,Monocytes
GCCGAGTGCGTTGA-1,0,T cells
GCCGGAACGAACTC-1,2,NK cells
GCCGGAACGTTCTT-1,2,NK cells
GCCGGAACTGCACA-1,2,NK cells
GCCGGAACTTACTC-1,0,T cells
GCCGTACTACCTGA-1,0,T cells
GCCGTACTGGCAAG-1,1,Monocytes
GCCTACACAGTTCG-1,2,NK cells
GCCTACACCACTGA-1,1,Monocytes
GCCTACACCTTGAG-1,0,T cells
GCCTAGCTACGGAG-1,3,B cells
GCCTAGCTCTATTC-1,0,T cells
GCCTAGCTTCTCAT-1,0,T cells
GCCTAGCTTCTCTA-1,1,Monocytes
GCCTCAACCATGGT-1,0,T cells
GCCTCAACTCTTTG-1,2,NK cells
GCCTCATGTCTTAC-1,2,NK cells
GCCTGACTCTCAAG-1,1,Monocytes
GCGAAGGAACTCTT-1,2,NK cells
GCGAAGGATGCCAA-1,0,T cells
GCGAGAGAGGGACA-1,0,T cells
GCGAGCACTGTCGA-1,0,T cells
GCGAGCACTTGACG-1,0,T cells
GCGAGCACTTGCTT-1,1,Monocytes
GCGATATGGTACGT-1,0,T cells
GCGATATGGTGTTG-1,0,T cells
GCGCACGAAGTCGT-1,0,T cells
GCGCACGACTTTAC-1,1,Monocytes
GCGCATCTAGGTCT-1,0,T cells
GCGCATCTGGTTAC-1,4,Platelets
GCGCATCTTCGATG-1,0,T cells
GCGCATCTTGCTCC-1,2,NK cells
GCGCATCTTTCTAC-1,0,T cells
GCGCGAACGTTCTT-1,3,B cells
GCGCGATGAACGGG-1,0,T cells
GCGCGATGGTGCAT-1,2,NK cells
GCGGAGCTCCTGAA-1,0,T cells
GCGGCAACCCGATA-1,0,T cells
GCGGCAACGGAGGT-1,3,B cells
GCGGCAACTGTCGA-1,1,Monocytes
GCGTAAACACGGTT-1,1,Monocytes
GCGTAATGCACCAA-1,1,Monocytes
GCGTATGAACACCA-1,0,T cells
GCGTATGATGAGAA-1,1,Monocytes
GCTACAGAAAGGTA-1,0,T cells
GCTACAGAATCTTC-1,3,B cells
GCTACCTGAGAAGT-1,1,Monocytes
GCTACCTGATCACG-1,0,T cells
GCTACGCTAGAATG-1,0,T cells
GCTACGCTAGCTAC-1,0,T cells
GCTACGCTCCCTAC-1,0,T cells
GCTAGAACAGAGGC-1,3,B cells
GCTAGAACGGATCT-1,0,T cells
GCTAGAACTCCCGT-1,0,T cells
GCTAGATGAGCTCA-1,1,Monocytes
GCTAGATGGCGATT-1,2,NK cells
GCTATACTAAGGCG-1,0,T cells
GCTATACTAGCGTT-1,2,NK cells
GCTATACTCTCTTA-1,0,T cells
GCTATACTGGACGA-1,0,T cells
GCTCAAGAACCATG-1,1,Monocytes
GCTCAAGAAGTCAC-1,1,Monocytes
GCTCAGCTGTCTAG-1,0,T cells
GCTCCATGAGAAGT-1,2,NK cells
GCTCCATGCCGAAT-1,0,T cells
GCTCGACTCTAGTG-1,1,Monocytes
GCTGATGAGGTATC-1,1,Monocytes
GCTTAACTACAGTC-1,1,Monocytes
GCTTAACTACTGGT-1,2,NK cells
GCTTAACTGCTGAT-1,0,T cells
GCTTAACTTAGACC-1,1,Monocytes
GCTTAACTTCAGTG-1,0,T cells
GGAACACTCACTTT-1,1,Monocytes
GGAACACTTCAGAC-1,4,Platelets
GGAACTACTACTTC-1,0,T cells
GGAACTTGAAGGTA-1,1,Monocytes
GGAACTTGAGAATG-1,0,T cells
GGAACTTGCTCCAC-1,1,Monocytes
GGAACTTGGGTAGG-1,3,B cells
GGAAGGACATCGGT-1,1,Monocytes
GGAAGGACCACTAG-1,0,T cells
GGAAGGACGAGGGT-1,0,T cells
GGAAGGACGCGAAG-1,2,NK cells
GGAAGGTGGCGAGA-1,2,NK cells
GGAATCTGAAGGGC-1,0,T cells
GGAATCTGAGGAGC-1,0,T cells
GGAATCTGCTTAGG-1,3,B cells
GGAATCTGCTTGTT-1,1,Monocytes
GGAATCTGGGAGGT-1,0,T cells
GGAATGCTTTCTAC-1,0,T cells
GGACAGGAAAGGGC-1,2,NK cells
GGACAGGAGTGCTA-1,3,B cells
GGACAGGATCTCGC-1,0,T cells
GGACCCGAAGCTAC-1,1,Monocytes
GGACCGTGCTTACT-1,1,Monocytes
GGACCGTGGGAACG-1,1,Monocytes
GGACCGTGTAACGC-1,0,T cells
GGACCTCTGTAAGA-1,1,Monocytes
GGACCTCTTTTCTG-1,2,NK cells
GGACGAGAGTGTCA-1,1,Monocytes
GGACGCTGACGCAT-1,2,NK cells
GGACGCTGCTAGCA-1,0,T cells
GGACGCTGTCCTCG-1,2,NK cells
GGAGAGACGTGAGG-1,0,T cells
GGAGCAGATTCAGG-1,3,B cells
GGAGCCACCTTCTA-1,3,B cells
GGAGCGCTACGCAT-1,1,Monocytes
GGAGCGCTCCGAAT-1,0,T cells
GGAGGATGCCACCT-1,0,T cells
GGAGGATGGTTGAC-1,1,Monocytes
GGAGGATGTCAGTG-1,1,Monocytes
GGAGGCCTCGTTGA-1,2,NK cells
GGAGGCCTTTCTTG-1,0,T cells
GGAGGTGATACGCA-1,0,T cells
GGAGGTGATCGCTC-1,0,T cells
GGATACTGCAGCTA-1,0,T cells
GGATACTGTCTAGG-1,0,T cells
GGATAGCTCGTCTC-1,0,T cells
GGATAGCTCTGAAC-1,2,NK cells
GGATGTACCAAAGA-1,3,B cells
GGATGTACGCGAAG-1,0,T cells
GGATGTACGTCTTT-1,1,Monocytes
GGATGTACGTGTCA-1,2,NK cells
GGATTTCTAGGTTC-1,0,T cells
GGATTTCTTTGTCT-1,1,Monocytes
GGCAAGGAAAAAGC-1,2,NK cells
GGCAAGGAAGAAGT-1,0,T cells
GGCAAGGACTTGGA-1,1,Monocytes
GGCAAGGAGGACTT-1,0,T cells
GGCAATACGCTAAC-1,3,B cells
GGCAATACGGCATT-1,2,NK cells
GGCAATACGTTTCT-1,3,B cells
GGCACGTGGCTTAG-1,1,Monocytes
GGCACTCTTTTGTC-1,0,T cells
GGCATATGCTTATC-1,2,NK cells
GGCATATGGGGAGT-1,4,Platelets
GGCATATGTGTGAC-1,0,T cells
GGCCACGACAGAGG-1,0,T cells
GGCCAGACTGGTTG-1,0,T cells
GGCCCAGAAAGTAG-1,1,Monocytes
GGCCGAACAACGAA-1,0,T cells
GGCCGAACGCAGAG-1,0,T cells
GGCCGAACGTAGGG-1,0,T cells
GGCCGAACTCTAGG-1,2,NK cells
GGCCGATGCAGGAG-1,0,T cells
GGCCGATGCCGAAT-1,0,T cells
GGCCGATGTACTCT-1,2,NK cells
GGCGACACTGCCCT-1,2,NK cells
GGCGACTGCGTAAC-1,0,T cells
GGCGCATGCCTAAG-1,1,Monocytes
GGCGCATGCTCCAC-1,0,T cells
GGCGCATGTGGAAA-1,0,T cells
GGCGGACTAGAGGC-1,0,T cells
GGCGGACTAGGAGC-1,2,NK cells
GGCGGACTCTGACA-1,0,T cells
GGCGGACTCTTGGA-1,2,NK cells
GGCGGACTTACTGG-1,0,T cells
GGCGGACTTGAACC-1,0,T cells
GGCTAAACACCTGA-1,2,NK cells
GGCTAAACTCTTAC-1,0,T cells
GGCTAATGAGCACT-1,2,NK cells
GGCTAATGGTCTAG-1,0,T cells
GGCTCACTACTCAG-1,1,Monocytes
GGGAACGAAGCTCA-1,1,Monocytes
GGGAACGACACAAC-1,3,B cells
GGGAACGAGTGTCA-1,1,Monocytes
GGGAAGTGTTGAGC-1,1,Monocytes
GGGACCACACGTTG-1,2,NK cells
GGGACCACAGAACA-1,0,T cells
GGGACCACGAATAG-1,0,T cells
GGGACCACGTCATG-1,0,T cells
GGGACCACTCAAGC-1,0,T cells
GGGACCACTCGTGA-1,0,T cells
GGGACCACTGCATG-1,0,T cells
GGGACCTGACCCTC-1,1,Monocytes
GGGACCTGCTTGCC-1,0,T cells
GGGACCTGTGGAGG-1,3,B cells
GGGATGGACGACAT-1,3,B cells
GGGATGGATACTTC-1,0,T cells
GGGATGGATGGTTG-1,1,Monocytes
GGGATTACGTCTAG-1,0,T cells
GGGCAAGATGCATG-1,1,Monocytes
GGGCACACGGTGAG-1,1,Monocytes
GGGCACACGTTGCA-1,0,T cells
GGGCAGCTTGGGAG-1,2,NK cells
GGGCAGCTTTTCTG-1,0,T cells
GGGCCAACCTTGGA-1,1,Monocytes
GGGCCAACGCGTTA-1,3,B cells
GGGCCAACTACGCA-1,1,Monocytes
GGGCCAACTCCAAG-1,3,B cells
GGGCCATGATGGTC-1,2,NK cells
GGGCCATGTTGACG-1,0,T cells
GGGTAACTCAGCTA-1,0,T cells
GGGTAACTCTAGTG-1,3,B cells
GGGTAACTCTGGAT-1,0,T cells
GGGTTAACGTGCAT-1,2,NK cells
GGTAAAGAGCTAAC-1,2,NK cells
GGTACAACTGCAAC-1,0,T cells
GGTACATGAAAGCA-1,3,B cells
GGTACATGAGCTCA-1,2,NK cells
GGTACATGCGGTAT-1,0,T cells
GGTACATGGTTACG-1,0,T cells
GGTACATGTGGGAG-1,0,T cells
GGTACTGAACTCTT-1,1,Monocytes
GGTAGTACACCACA-1,2,NK cells
GGTAGTACACTAGC-1,1,Monocytes
GGTAGTACCCTGTC-1,0,T cells
GGTAGTACGCCATA-1,1,Monocytes
GGTAGTACTGTCTT-1,2,NK cells
GGTATCGAGACAAA-1,1,Monocytes
GGTATCGATGAACC-1,3,B cells
GGTCAAACCAAAGA-1,0,T cells
GGTCTAGAGAAACA-1,1,Monocytes
GGTCTAGATAGCGT-1,1,Monocytes
GGTGATACCGACTA-1,3,B cells
GGTGATACGACTAC-1,1,Monocytes
GGTGATACTGTTTC-1,0,T cells
GGTGGAGAAACGGG-1,2,NK cells
GGTGGAGAAGTAGA-1,0,T cells
GGTGGAGACAGATC-1,2,NK cells
GGTGGAGATCGATG-1,0,T cells
GGTGGAGATCTCTA-1,1,Monocytes
GGTGGAGATTACTC-1,2,NK cells
GGTTTACTACGCAT-1,2,NK cells
GTAACGTGACCTCC-1,1,Monocytes
GTAACGTGATCGGT-1,3,B cells
GTAACGTGCAGCTA-1,3,B cells
GTAACGTGGTTGAC-1,3,B cells
GTAAGCACAACGGG-1,0,T cells
GTAAGCACTCATTC-1,3,B cells
GTAAGCTGGTACCA-1,1,Monocytes
GTAATAACCTTCTA-1,1,Monocytes
GTAATAACGTTGTG-1,0,T cells
GTACCCTGACAGTC-1,1,Monocytes
GTACCCTGGAGCTT-1,0,T cells
GTACCCTGTCCTTA-1,2,NK cells
GTACCCTGTGAACC-1,0,T cells
GTACGTGAACGTTG-1,2,NK cells
GTACTTTGTCGACA-1,2,NK cells
GTAGACTGAGATGA-1,1,Monocytes
GTAGACTGTATTCC-1,0,T cells
GTAGCAACAGTCGT-1,1,Monocytes
GTAGCAACCATTTC-1,3,B cells
GTAGCAACGGTAGG-1,1,Monocytes
GTAGCATGCACTCC-1,3,B cells
GTAGCATGTAAGCC-1,1,Monocytes
GTAGCCCTGACGTT-1,0,T cells
GTAGCTGAAGCTAC-1,1,Monocytes
GTAGCTGAATTCGG-1,0,T cells
GTAGGTACACGGGA-1,1,Monocytes
GTAGTGACCTCATT-1,0,T cells
GTAGTGTGAGCGGA-1,2,NK cells
GTAGTGTGAGGCGA-1,1,Monocytes
GTAGTGTGTGGTTG-1,0,T cells
GTATCACTGGTAGG-1,1,Monocytes
GTATCTACAGAAGT-1,2,NK cells
GTATCTACGACGAG-1,2,NK cells
GTATCTACGTTACG-1,0,T cells
GTATTAGAAACAGA-1,0,T cells
GTATTAGAGGTCTA-1,0,T cells
GTATTCACACAGCT-1,0,T cells
GTATTCACGGGTGA-1,2,NK cells
GTCAACGACACTGA-1,0,T cells
GTCAACGAGTGTAC-1,1,Monocytes
GTCAATCTACACCA-1,2,NK cells
GTCAATCTGTAGCT-1,2,NK cells
GTCAATCTTGTGGT-1,0,T cells
GTCACCTGCCTCCA-1,0,T cells
GTCACCTGTCCCGT-1,0,T cells
GTCATACTAATCGC-1,3,B cells
GTCATACTGCGATT-1,2,NK cells
GTCATACTTCGCCT-1,4,Platelets
GTCATACTTTACCT-1,2,NK cells
GTCATACTTTGACG-1,0,T cells
GTCCAAGAAAAACG-1,0,T cells
GTCCACTGACCTCC-1,0,T cells
GTCCACTGGGTACT-1,1,Monocytes
GTCCAGCTACGGGA-1,0,T cells
GTCCCATGTGGTGT-1,1,Monocytes
GTCGAATGAAGGCG-1,1,Monocytes
GTCGACCTGAATGA-1,2,NK cells
GTCGACCTGTTCAG-1,0,T cells
GTCGCACTTGAGAA-1,3,B cells
GTCTAACTGGTCTA-1,1,Monocytes
GTCTAGGAGCTTCC-1,1,Monocytes
GTGAACACACTCTT-1,0,T cells
GTGAACACTCAGGT-1,0,T cells
GTGACCCTTAAGCC-1,0,T cells
GTGATGACAAGTGA-1,0,T cells
GTGATGACCTGAGT-1,3,B cells
GTGATGACGGTTTG-1,2,NK cells
GTGATTCTCATTTC-1,0,T cells
GTGATTCTCTCTCG-1,1,Monocytes
GTGATTCTGGTTCA-1,2,NK cells
GTGATTCTGTCGAT-1,0,T cells
GTGATTCTTAGCGT-1,3,B cells
GTGCCACTCAGGAG-1,0,T cells
GTGGATTGCACTAG-1,1,Monocytes
GTGGATTGCGGAGA-1,0,T cells
GTGGATTGTAACGC-1,0,T cells
GTGTACGATCAGTG-1,0,T cells
GTGTAGTGGGTACT-1,0,T cells
GTGTATCTAGCCTA-1,3,B cells
GTGTATCTAGTAGA-1,2,NK cells
GTGTATCTGTTACG-1,3,B cells
GTGTCAGAAGCGTT-1,2,NK cells
GTTAAAACCGAGAG-1,2,NK cells
GTTAAATGCTCGAA-1,2,NK cells
GTTAAATGTCGACA-1,3,B cells
GTTAACCTAGCTAC-1,0,T cells
GTTAACCTTGCTTT-1,1,Monocytes
GTTAGGTGCACTCC-1,0,T cells
GTTAGGTGCCAGTA-1,1,Monocytes
GTTAGGTGCCCAAA-1,1,Monocytes
GTTAGGTGGAACTC-1,3,B cells
GTTAGTCTAAGAAC-1,2,NK cells
GTTATAGAGGACAG-1,0,T cells
GTTATGCTTTCATC-1,0,T cells
GTTCAACTGGGACA-1,2,NK cells
GTTCAACTTATGCG-1,0,T cells
GTTGACGAGCCCTT-1,2,NK cells
GTTGACGATATCGG-1,2,NK cells
GTTGAGTGGTCTTT-1,1,Monocytes
GTTGAGTGTGCTTT-1,0,T cells
GTTGATCTGGGACA-1,0,T cells
GTTGATCTTTTCAC-1,2,NK cells
GTTGGATGTTTACC-1,1,Monocytes
GTTGTACTATTCCT-1,1,Monocytes
GTTGTACTTTTGGG-1,0,T cells
GTTTAAGACCATGA-1,1,Monocytes
GTTTAAGACTGTCC-1,2,NK cells
TAAACAACCAACCA-1,0,T cells
TAAACAACGAATCC-1,3,B cells
TAAAGACTCAGGAG-1,2,NK cells
TAAATCGATGAGGG-1,0,T cells
TAACAATGTGCCCT-1,3,B cells
TAACACCTTCGCTC-1,1,Monocytes
TAACACCTTCGTAG-1,1,Monocytes
TAACACCTTGTTTC-1,4,Platelets
TAACATGACACTAG-1,3,B cells
TAACCGGACTTACT-1,0,T cells
TAACGTCTCAACCA-1,1,Monocytes
TAACGTCTCATTGG-1,0,T cells
TAACTAGAATTTCC-1,0,T cells
TAACTAGACTTAGG-1,0,T cells
TAACTAGATCTGGA-1,0,T cells
TAACTCACGAGGAC-1,1,Monocytes
TAACTCACGTACAC-1,3,B cells
TAACTCACGTATCG-1,1,Monocytes
TAACTCACTCTACT-1,2,NK cells
TAAGAACTGTGTCA-1,1,Monocytes
TAAGAGGACTAAGC-1,3,B cells
TAAGAGGACTTGTT-1,2,NK cells
TAAGATACGGTTCA-1,1,Monocytes
TAAGATTGCGTAGT-1,0,T cells
TAAGATTGTTGCTT-1,0,T cells
TAAGCGTGAGGTTC-1,1,Monocytes
TAAGCGTGGACAAA-1,1,Monocytes
TAAGCGTGGGAAAT-1,0,T cells
TAAGCGTGTGCTCC-1,1,Monocytes
TAAGGCTGCCATGA-1,2,NK cells
TAAGGCTGCTGCTC-1,0,T cells
TAAGGCTGTCTCGC-1,1,Monocytes
TAAGGGCTGCTGTA-1,0,T cells
TAAGGGCTTTACTC-1,0,T cells
TAAGTAACCGAGAG-1,3,B cells
TAAGTAACCTCCAC-1,3,B cells
TAAGTAACCTGTAG-1,0,T cells
TAAGTAACTTGTCT-1,0,T cells
TAATGATGAGCGGA-1,0,T cells
TAATGCCTCATGAC-1,0,T cells
TAATGCCTCGTCTC-1,2,NK cells
TAATGTGAAGATGA-1,0,T cells
TAATGTGACTGCAA-1,1,Monocytes
TAATGTGATTACTC-1,2,NK cells
TACAAATGGGTACT-1,0,T cells
TACAATGAAAACAG-1,1,Monocytes
TACAATGACTTAGG-1,0,T cells
TACAATGATGCTAG-1,2,NK cells
TACACACTCACACA-1,0,T cells
TACACACTCTTACT-1,2,NK cells
TACATAGAACGCAT-1,2,NK cells
TACATCACACGGGA-1,0,T cells
TACATCACCTGTTT-1,1,Monocytes
TACATCACGCTAAC-1,3,B cells
TACATCACTGAACC-1,1,Monocytes
TACCATTGAGGTTC-1,0,T cells
TACCATTGCGGGAA-1,1,Monocytes
TACCATTGGGGATG-1,1,Monocytes
TACCATTGTGAGGG-1,1,Monocytes
TACCGGCTGTTGGT-1,0,T cells
TACGAGTGATCTCT-1,0,T cells
TACGAGTGATGCTG-1,1,Monocytes
TACGAGTGCGGAGA-1,0,T cells
TACGAGTGGTTGGT-1,0,T cells
TACGATCTAGTGTC-1,0,T cells
TACGATCTCACTGA-1,1,Monocytes
TACGATCTTACGAC-1,2,NK cells
TACGCAGAGAATCC-1,2,NK cells
TACGCCACATTCCT-1,0,T cells
TACGCCACTCCCAC-1,1,Monocytes
TACGCCACTCCGAA-1,3,B cells
TACGGAACGCGTTA-1,3,B cells
TACGGCCTGGGACA-1,2,NK cells
TACGTACTACGGAG-1,0,T cells
TACGTACTCAGTTG-1,0,T cells
TACGTACTCCCGTT-1,3,B cells
TACGTTACAGAAGT-1,0,T cells
TACGTTACCAAGCT-1,1,Monocytes
TACTAAGAAAGGTA-1,3,B cells
TACTAAGAATCACG-1,0,T cells
TACTAAGATGATGC-1,1,Monocytes
TACTAAGATTGCGA-1,0,T cells
TACTACACGAGAGC-1,0,T cells
TACTACACTTACCT-1,0,T cells
TACTACTGAACCTG-1,1,Monocytes
TACTACTGATGTCG-1,2,NK cells
TACTACTGATTCTC-1,0,T cells
TACTACTGTATGGC-1,0,T cells
TACTCAACGGTCTA-1,1,Monocytes
TACTCAACTGCTAG-1,3,B cells
TACTCCCTCAGTTG-1,0,T cells
TACTCTGAATCGAC-1,2,NK cells
TACTCTGACGAGTT-1,0,T cells
TACTCTGATTGACG-1,3,B cells
TACTGGGATCGATG-1,0,T cells
TACTGTTGAAAGCA-1,0,T cells
TACTGTTGAGGCGA-1,2,NK cells
TACTGTTGCTGAAC-1,3,B cells
TACTTGACTCCTCG-1,2,NK cells
TACTTGACTGGTGT-1,3,B cells
TACTTTCTTTTGGG-1,2,NK cells
TAGAAACTAATCGC-1,0,T cells
TAGAAACTGCTTCC-1,1,Monocytes
TAGAAACTGGGATG-1,2,NK cells
TAGAATTGCGACAT-1,0,T cells
TAGAATTGTATCGG-1,0,T cells
TAGACGTGCTTGAG-1,0,T cells
TAGACGTGTCGCTC-1,0,T cells
TAGAGCACCTTACT-1,3,B cells
TAGATTGACTTGTT-1,3,B cells
TAGATTGAGGCATT-1,0,T cells
TAGCATCTCAGCTA-1,2,NK cells
TAGCATCTCCCTCA-1,0,T cells
TAGCATCTGCTGTA-1,1,Monocytes
TAGCATCTGGGACA-1,0,T cells
TAGCATCTTGTCGA-1,0,T cells
TAGCCCACAAAAGC-1,0,T cells
TAGCCCACAGCCAT-1,2,NK cells
TAGCCCACAGCTAC-1,2,NK cells
TAGCCCACCCACAA-1,0,T cells
TAGCCCTGCGGAGA-1,0,T cells
TAGCCGCTTACGAC-1,0,T cells
TAGCCGCTTACTTC-1,2,NK cells
TAGCCGCTTTCCAT-1,1,Monocytes
TAGCTACTGAATAG-1,3,B cells
TAGCTACTGTAGCT-1,0,T cells
TAGCTACTTTTGCT-1,2,NK cells
TAGGACTGTGCTGA-1,0,T cells
TAGGAGCTAAGGCG-1,3,B cells
TAGGAGCTGAGGGT-1,0,T cells
TAGGAGCTTGCATG-1,3,B cells
TAGGCAACCGTCTC-1,3,B cells
TAGGCATGCTCTCG-1,1,Monocytes
TAGGCATGGCGAGA-1,2,NK cells
TAGGCTGATGCCTC-1,1,Monocytes
TAGGGACTGAACTC-1,2,NK cells
TAGGTCGACACTGA-1,0,T cells
TAGGTCGAGGATCT-1,3,B cells
TAGGTGACACACTG-1,0,T cells
TAGGTGACACGTTG-1,3,B cells
TAGGTGTGTTCTGT-1,0,T cells
TAGGTTCTGAAGGC-1,0,T cells
TAGGTTCTTCTTAC-1,1,Monocytes
TAGGTTCTTGCTGA-1,1,Monocytes
TAGTAAACCTCGCT-1,0,T cells
TAGTAAACGTCACA-1,0,T cells
TAGTAATGAGATCC-1,0,T cells
TAGTACCTAAGAAC-1,1,Monocytes
TAGTATGATCTTAC-1,3,B cells
TAGTATGATTCTCA-1,0,T cells
TAGTCTTGGCTGTA-1,0,T cells
TAGTCTTGGGACTT-1,0,T cells
TAGTCTTGTGGAAA-1,2,NK cells
TAGTGGTGAAGTGA-1,2,NK cells
TAGTTAGAACCACA-1,2,NK cells
TAGTTAGATGAACC-1,0,T cells
TATAAGACAACAGA-1,2,NK cells
TATAAGACAGCTCA-1,1,Monocytes
TATAAGTGACACCA-1,1,Monocytes
TATAAGTGTATCGG-1,1,Monocytes
TATAAGTGTGGTGT-1,1,Monocytes
TATACAGAACCCTC-1,2,NK cells
TATACAGAAGAACA-1,0,T cells
TATACAGATCCAGA-1,0,T cells
TATACCACCTGATG-1,3,B cells
TATACGCTACCAAC-1,0,T cells
TATAGATGGACGGA-1,0,T cells
TATAGATGTTCCGC-1,1,Monocytes
TATCCAACCAGCTA-1,1,Monocytes
TATCCAACTCTCTA-1,0,T cells
TATCGACTACTAGC-1,2,NK cells
TATCGACTCGATAC-1,1,Monocytes
TATCGTACAGATGA-1,2,NK cells
TATCGTACATTCCT-1,1,Monocytes
TATCTCGAGAGATA-1,0,T cells
TATCTGACAGGTTC-1,2,NK cells
TATCTGACTGTTTC-1,2,NK cells
TATCTTCTAAACAG-1,0,T cells
TATGAATGGAGGAC-1,2,NK cells
TATGAATGTTTGCT-1,1,Monocytes
TATGCGGATAACCG-1,0,T cells
TATGGGTGCATCAG-1,2,NK cells
TATGGGTGCTAGCA-1,3,B cells
TATGGTCTCTACCC-1,0,T cells
TATGTCACGGAACG-1,3,B cells
TATGTCACTAACCG-1,1,Monocytes
TATGTCACTTCTCA-1,3,B cells
TATGTGCTCCGATA-1,1,Monocytes
TATGTGCTGGATTC-1,0,T cells
TATTGCTGAAGAAC-1,1,Monocytes
TATTGCTGCCGTTC-1,3,B cells
TATTGCTGTCTGGA-1,0,T cells
TATTGCTGTGCACA-1,2,NK cells
TATTTCCTATTGGC-1,1,Monocytes
TATTTCCTGGAGGT-1,2,NK cells
TATTTCCTGGTGTT-1,0,T cells
TCAACACTGTTTGG-1,2,NK cells
TCAAGGACAGCGTT-1,0,T cells
TCAAGGACATTCTC-1,2,NK cells
TCAAGGACGGTGTT-1,1,Monocytes
TCAATCACACTCTT-1,2,NK cells
TCAATCACAGTCGT-1,1,Monocytes
TCACAACTATGTGC-1,0,T cells
TCACAACTTTGCTT-1,1,Monocytes
TCACATACACTTTC-1,0,T cells
TCACATACAGGGTG-1,0,T cells
TCACCCGAGACGGA-1,1,Monocytes
TCACCGTGCTCGCT-1,1,Monocytes
TCACCTCTACGACT-1,2,NK cells
TCACCTCTTCCAAG-1,1,Monocytes
TCACGAGAGGAGGT-1,3,B cells
TCACTATGGGGCAA-1,2,NK cells
TCACTATGGTTGTG-1,3,B cells
TCAGACGACGCTAA-1,0,T cells
TCAGACGACGTTAG-1,2,NK cells
TCAGAGACTCCAGA-1,0,T cells
TCAGCAGACTCCAC-1,0,T cells
TCAGCGCTCTAGTG-1,2,NK cells
TCAGCGCTGGATCT-1,3,B cells
TCAGCGCTGGTATC-1,2,NK cells
TCAGGATGAAGTAG-1,0,T cells
TCAGGATGCCTTTA-1,1,Monocytes
TCAGTGGAAGATCC-1,2,NK cells
TCAGTTACCTACGA-1,1,Monocytes
TCAGTTACTAGAAG-1,0,T cells
TCATCAACCCGATA-1,0,T cells
TCATCAACTGTTCT-1,1,Monocytes
TCATCATGCAGTTG-1,0,T cells
TCATCCCTTACTGG-1,0,T cells
TCATTCGATACAGC-1,1,Monocytes
TCCACGTGGAAACA-1,0,T cells
TCCACTCTACACTG-1,0,T cells
TCCACTCTGAGCTT-1,1,Monocytes
TCCACTCTTACTTC-1,3,B cells
TCCATAACAAAGTG-1,0,T cells
TCCATAACCGTAGT-1,3,B cells
TCCATAACGATGAA-1,0,T cells
TCCATAACTACGCA-1,0,T cells
TCCATCCTCCCTAC-1,2,NK cells
TCCCACGATCATTC-1,0,T cells
TCCCATCTCAAAGA-1,1,Monocytes
TCCCGAACACAGTC-1,2,NK cells
TCCCGAACTTCGCC-1,1,Monocytes
TCCCGATGAGATCC-1,0,T cells
TCCCGATGCCTGAA-1,1,Monocytes
TCCCTACTCAACTG-1,3,B cells
TCCGAAGACAATCG-1,1,Monocytes
TCCGAAGACGTTAG-1,0,T cells
TCCGGACTGAGGTG-1,0,T cells
TCCGGACTGTACGT-1,2,NK cells
TCCTAAACATCGAC-1,2,NK cells
TCCTAAACCGAGAG-1,0,T cells
TCCTAAACCGCATA-1,2,NK cells
TCCTAATGGTTTGG-1,2,NK cells
TCCTACCTGTCGTA-1,0,T cells
TCCTATGAAAAGCA-1,2,NK cells
TCGAATCTCTGGTA-1,2,NK cells
TCGACCTGCCGATA-1,1,Monocytes
TCGACGCTTCTATC-1,1,Monocytes
TCGACGCTTTGACG-1,0,T cells
TCGAGAACGACAGG-1,0,T cells
TCGAGAACGTTAGC-1,0,T cells
TCGAGCCTATCAGC-1,3,B cells
TCGAGCCTGCGAGA-1,2,NK cells
TCGAGCCTTGTGAC-1,0,T cells
TCGATACTATTCCT-1,2,NK cells
TCGATACTTGCACA-1,0,T cells
TCGATTTGATGCCA-1,1,Monocytes
TCGATTTGCACTCC-1,0,T cells
TCGATTTGCAGCTA-1,2,NK cells
TCGATTTGCCTACC-1,1,Monocytes
TCGATTTGTCGTGA-1,3,B cells
TCGCAGCTAGATCC-1,2,NK cells
TCGCCATGAGACTC-1,0,T cells
TCGCCATGTGGTCA-1,3,B cells
TCGGACCTAACAGA-1,0,T cells
TCGGACCTATAAGG-1,3,B cells
TCGGACCTGTACAC-1,0,T cells
TCGGTAGAGTAGGG-1,0,T cells
TCGGTAGATCCCAC-1,3,B cells
TCGTAGGATCGACA-1,0,T cells
TCGTTATGGACAAA-1,0,T cells
TCTAACACCAGTTG-1,2,NK cells
TCTAACACGAGCAG-1,1,Monocytes
TCTAACTGAACCAC-1,0,T cells
TCTAAGCTAATGCC-1,0,T cells
TCTAAGCTTAGTCG-1,2,NK cells
TCTAAGCTTCTAGG-1,1,Monocytes
TCTAAGCTTGTTCT-1,1,Monocytes
TCTAAGCTTTCGCC-1,3,B cells
TCTACAACGACTAC-1,1,Monocytes
TCTAGACTTAGAAG-1,1,Monocytes
TCTAGTTGCACCAA-1,1,Monocytes
TCTATGTGAAGAGT-1,1,Monocytes
TCTATGTGAGTCTG-1,2,NK cells
TCTCAAACCTAAGC-1,3,B cells
TCTCTAGAATTTCC-1,0,T cells
TCTGATACACGTGT-1,0,T cells
TCTGATACTCGCCT-1,0,T cells
TCTTACGAACCTGA-1,1,Monocytes
TCTTCAGAGCTACA-1,1,Monocytes
TCTTGATGCGGAGA-1,2,NK cells
TGAAATTGGTGAGG-1,1,Monocytes
TGAACCGAAAACGA-1,0,T cells
TGAACCGACTACTT-1,1,Monocytes
TGAACCGATTCGGA-1,1,Monocytes
TGAAGCACTCACGA-1,2,NK cells
TGAAGCTGAACGAA-1,0,T cells
TGAAGCTGCATGGT-1,3,B cells
TGAAGCTGCGTAAC-1,0,T cells
TGAATAACCACTTT-1,0,T cells
TGAATAACTCCCAC-1,2,NK cells
TGACACGACCTTAT-1,3,B cells
TGACCAGACAACCA-1,0,T cells
TGACCAGAGGATTC-1,0,T cells
TGACCGCTAAAAGC-1,0,T cells
TGACCGCTCTGCAA-1,0,T cells
TGACGATGCAAAGA-1,1,Monocytes
TGACGCCTGTACCA-1,0,T cells
TGACGCCTTTACTC-1,0,T cells
TGACTGGAAGAGAT-1,1,Monocytes
TGACTGGACCGTAA-1,0,T cells
TGACTGGACGCAAT-1,0,T cells
TGACTGGAGGACAG-1,3,B cells
TGACTGGATTCTCA-1,0,T cells
TGACTTACACACCA-1,0,T cells
TGACTTACAGTCTG-1,1,Monocytes
TGACTTTGCGCATA-1,0,T cells
TGACTTTGTTTGTC-1,0,T cells
TGAGACACAAGGTA-1,0,T cells
TGAGACACTCAAGC-1,2,NK cells
TGAGCTGAATGCTG-1,1,Monocytes
TGAGCTGACTGGAT-1,1,Monocytes
TGAGCTGATGCTAG-1,1,Monocytes
TGAGGACTCTCATT-1,1,Monocytes
TGAGGACTTCATTC-1,0,T cells
TGAGGTACGAACCT-1,1,Monocytes
TGAGTCGAGTTACG-1,3,B cells
TGAGTGACTGAGCT-1,0,T cells
TGATAAACGAATCC-1,0,T cells
TGATAAACTCCGTC-1,2,NK cells
TGATAAACTTTCAC-1,0,T cells
TGATACCTCACTAG-1,1,Monocytes
TGATACCTGTTGGT-1,0,T cells
TGATACCTTATGCG-1,0,T cells
TGATACCTTGAAGA-1,0,T cells
TGATATGAACCTTT-1,0,T cells
TGATCACTAGCATC-1,2,NK cells
TGATCACTCTCGCT-1,0,T cells
TGATCACTTCTACT-1,3,B cells
TGATCGGACTGACA-1,1,Monocytes
TGATCGGAGGAGCA-1,3,B cells
TGATCGGATATGCG-1,1,Monocytes
TGATTAGACATTGG-1,0,T cells
TGATTAGATGACTG-1,3,B cells
TGATTAGATGCTAG-1,0,T cells
TGATTCACTATGCG-1,0,T cells
TGATTCACTGTCAG-1,3,B cells
TGATTCTGCCGAAT-1,0,T cells
TGATTCTGCTCTTA-1,0,T cells
TGCAAGTGAGAACA-1,0,T cells
TGCAAGTGGGTAGG-1,1,Monocytes
TGCAATCTTCAGGT-1,1,Monocytes
TGCACAGACGACAT-1,2,NK cells
TGCCAAGAGCAGTT-1,1,Monocytes
TGCCAAGATCTCTA-1,0,T cells
TGCCACTGAACGTC-1,0,T cells
TGCCACTGCGATAC-1,2,NK cells
TGCCAGCTTGGCAT-1,0,T cells
TGCCCAACAGCAAA-1,0,T cells
TGCCCAACCGCATA-1,1,Monocytes
TGCCGACTCTCCCA-1,3,B cells
TGCGAAACAGTCAC-1,3,B cells
TGCGAAACGTTGCA-1,3,B cells
TGCGATGAACGGTT-1,0,T cells
TGCGATGACCTCGT-1,0,T cells
TGCGATGACTAGTG-1,3,B cells
TGCGATGACTGCTC-1,3,B cells
TGCGATGACTTGCC-1,3,B cells
TGCGATGAGTGCTA-1,1,Monocytes
TGCGCACTCTTGAG-1,1,Monocytes
TGCGTAGAATAAGG-1,1,Monocytes
TGCGTAGACGGGAA-1,3,B cells
TGCGTAGATGGTCA-1,1,Monocytes
TGCTAGGAAACCGT-1,2,NK cells
TGCTAGGATAGTCG-1,0,T cells
TGCTATACGGTTCA-1,1,Monocytes
TGCTATACTGCTGA-1,2,NK cells
TGCTGAGAGAGCAG-1,2,NK cells
TGCTGAGATTATCC-1,0,T cells
TGGAAAGACTCTCG-1,3,B cells
TGGAAAGAGCGATT-1,0,T cells
TGGAAAGAGGTCAT-1,1,Monocytes
TGGAAAGATATGGC-1,0,T cells
TGGAACACAAACAG-1,2,NK cells
TGGAACACGCTAAC-1,2,NK cells
TGGAAGCTCAGATC-1,0,T cells
TGGACCCTACACTG-1,1,Monocytes
TGGACCCTCATGGT-1,0,T cells
TGGACCCTGGTACT-1,1,Monocytes
TGGACTGAGTATGC-1,0,T cells
TGGAGACTATCAGC-1,1,Monocytes
TGGAGACTTCAAGC-1,0,T cells
TGGAGACTTGACCA-1,2,NK cells
TGGAGGGACGGAGA-1,1,Monocytes
TGGAGGGAGCTATG-1,2,NK cells
TGGATCGATAAAGG-1,0,T cells
TGGATGTGACCTAG-1,3,B cells
TGGATGTGTGAAGA-1,3,B cells
TGGATTCTCATACG-1,2,NK cells
TGGCAATGCTTGTT-1,3,B cells
TGGCACCTTCACGA-1,2,NK cells
TGGCACCTTCAGTG-1,1,Monocytes
TGGGTATGAAGAGT-1,0,T cells
TGGGTATGCACAAC-1,0,T cells
TGGGTATGGTACGT-1,3,B cells
TGGGTATGTTTGGG-1,1,Monocytes
TGGTAGACATGCCA-1,0,T cells
TGGTAGACCCTCAC-1,2,NK cells
TGGTAGACCTGATG-1,0,T cells
TGGTAGTGCACTGA-1,1,Monocytes
TGGTATCTAAACAG-1,0,T cells
TGGTATCTCTTCCG-1,0,T cells
TGGTCAGACCCAAA-1,1,Monocytes
TGGTTACTGACGTT-1,1,Monocytes
TGGTTACTGTTCTT-1,0,T cells
TGTAACCTAGAGGC-1,0,T cells
TGTAACCTTGCCTC-1,1,Monocytes
TGTAATGACACAAC-1,2,NK cells
TGTAATGAGGTAAA-1,2,NK cells
TGTACTTGCTCTAT-1,1,Monocytes
TGTAGGTGCGAGAG-1,3,B cells
TGTAGGTGCTATGG-1,0,T cells
TGTAGGTGCTCTAT-1,1,Monocytes
TGTAGGTGTGCTGA-1,0,T cells
TGTAGTCTTCCAGA-1,0,T cells
TGTAGTCTTGCACA-1,2,NK cells
TGTATCTGTTAGGC-1,0,T cells
TGTATGCTCATGGT-1,3,B cells
TGTATGCTGTAGGG-1,0,T cells
TGTATGCTTTCATC-1,0,T cells
TGTCAGGAATACCG-1,0,T cells
TGTCAGGAGATGAA-1,4,Platelets
TGTCTAACCCCTTG-1,0,T cells
TGTGACGATTCTCA-1,2,NK cells
TGTGAGACTGTCAG-1,1,Monocytes
TGTGAGACTTGAGC-1,0,T cells
TGTGAGTGACCACA-1,0,T cells
TGTGAGTGAGTGCT-1,1,Monocytes
TGTGAGTGGAGATA-1,2,NK cells
TGTGATCTCTCTAT-1,3,B cells
TGTGATCTGACACT-1,0,T cells
TGTGGATGGCCAAT-1,3,B cells
TGTTAAGACAAAGA-1,1,Monocytes
TGTTAAGATAAGGA-1,1,Monocytes
TGTTACACCGCATA-1,1,Monocytes
TGTTACACGACTAC-1,1,Monocytes
TGTTACTGGCTACA-1,2,NK cells
TGTTACTGTAGTCG-1,2,NK cells
TTAACCACCGTAAC-1,0,T cells
TTAACCACTAAGGA-1,2,NK cells
TTAACCACTCAGAC-1,2,NK cells
TTACACACGTGTTG-1,0,T cells
TTACACACTCCTAT-1,0,T cells
TTACCATGAATCGC-1,1,Monocytes
TTACCATGGTTGAC-1,0,T cells
TTACCATGTGTCTT-1,2,NK cells
TTACCATGTTGTGG-1,3,B cells
TTACGACTGAGAGC-1,0,T cells
TTACGACTTGACAC-1,1,Monocytes
TTACGTACGTTCAG-1,4,Platelets
TTACTCGAAGAATG-1,1,Monocytes
TTACTCGACGCAAT-1,1,Monocytes
TTACTCGAGGGTGA-1,0,T cells
TTACTCGATCTACT-1,2,NK cells
TTAGAATGTGGTGT-1,0,T cells
TTAGAATGTGTAGC-1,0,T cells
TTAGACCTCCTACC-1,0,T cells
TTAGACCTCCTTTA-1,1,Monocytes
TTAGCTACAACCGT-1,0,T cells
TTAGCTACTGTCCC-1,1,Monocytes
TTAGCTACTTTCGT-1,0,T cells
TTAGGGACGCGAAG-1,2,NK cells
TTAGGGTGCTGGAT-1,3,B cells
TTAGGGTGTCCTGC-1,1,Monocytes
TTAGGTCTACTTTC-1,1,Monocytes
TTAGTCACCAGTTG-1,0,T cells
TTAGTCTGAAAGCA-1,3,B cells
TTAGTCTGCCAACA-1,2,NK cells
TTAGTCTGTGCACA-1,0,T cells
TTATCCGACTAGTG-1,3,B cells
TTATCCGAGAAAGT-1,1,Monocytes
TTATGAGAGATAAG-1,0,T cells
TTATGCACGTCACA-1,3,B cells
TTATGGCTTATGGC-1,1,Monocytes
TTATTCCTATGCTG-1,1,Monocytes
TTATTCCTGGACAG-1,3,B cells
TTATTCCTGGTACT-1,3,B cells
TTATTCCTTCGTGA-1,0,T cells
TTCAAAGATAAAGG-1,2,NK cells
TTCAACACAACAGA-1,0,T cells
TTCAACACCCCAAA-1,1,Monocytes
TTCAACACGGACGA-1,1,Monocytes
TTCAAGCTAAGAAC-1,1,Monocytes
TTCAAGCTAGATGA-1,0,T cells
TTCAAGCTGTTGAC-1,0,T cells
TTCAAGCTTGATGC-1,0,T cells
TTCAAGCTTTCGCC-1,0,T cells
TTCACAACCCGTTC-1,1,Monocytes
TTCACAACGTCTGA-1,1,Monocytes
TTCAGACTACCCAA-1,0,T cells
TTCAGACTCTCGAA-1,0,T cells
TTCAGTACCGACTA-1,0,T cells
TTCAGTACTCAAGC-1,0,T cells
TTCAGTACTCCTAT-1,1,Monocytes
TTCAGTTGCCAAGT-1,0,T cells
TTCAGTTGTCCTTA-1,1,Monocytes
TTCAGTTGTCTAGG-1,2,NK cells
TTCAGTTGTCTCGC-1,3,B cells
TTCATCGAGGTGGA-1,1,Monocytes
TTCATGTGTGGTGT-1,0,T cells
TTCATTCTATGTCG-1,1,Monocytes
TTCATTCTTCTCTA-1,0,T cells
TTCCAAACCTATGG-1,1,Monocytes
TTCCAAACCTCCCA-1,3,B cells
TTCCAAACTCCCAC-1,2,NK cells
TTCCAAACTTGACG-1,2,NK cells
TTCCATGACGAGAG-1,1,Monocytes
TTCCATGACTGTCC-1,0,T cells
TTCCCACTTGAGGG-1,2,NK cells
TTCCCACTTGTCTT-1,1,Monocytes
TTCCTAGAAAGTGA-1,0,T cells
TTCCTAGACTAGTG-1,1,Monocytes
TTCGAGGACTCTAT-1,0,T cells
TTCGAGGAGGGCAA-1,0,T cells
TTCGAGGATAGAAG-1,1,Monocytes
TTCGATTGAGCATC-1,0,T cells
TTCGGAGAATGCCA-1,1,Monocytes
TTCGGAGATGTGCA-1,0,T cells
TTCGTATGAAAAGC-1,2,NK cells
TTCGTATGGATAGA-1,2,NK cells
TTCGTATGGTCTGA-1,0,T cells
TTCGTATGTCCTTA-1,1,Monocytes
TTCTACGAACGTAC-1,0,T cells
TTCTACGAGTTGGT-1,0,T cells
TTCTAGTGACACGT-1,0,T cells
TTCTAGTGCATGAC-1,1,Monocytes
TTCTAGTGGAGAGC-1,2,NK cells
TTCTAGTGGTCACA-1,1,Monocytes
TTCTCAGAAGAGAT-1,0,T cells
TTCTCAGAAGCATC-1,3,B cells
TTCTCAGATGGAGG-1,0,T cells
TTCTGATGGAGACG-1,2,NK cells
TTCTTACTCTGGAT-1,1,Monocytes
TTGAACCTCCTTGC-1,3,B cells
TTGAATGAACTACG-1,1,Monocytes
TTGAATGACTTACT-1,0,T cells
TTGAATGATCTCAT-1,3,B cells
TTGACACTCTGTAG-1,0,T cells
TTGACACTGATAAG-1,3,B cells
TTGAGGACAGAACA-1,1,Monocytes
TTGAGGACTACGCA-1,1,Monocytes
TTGAGGTGGACGGA-1,0,T cells
TTGCATTGAGCTAC-1,2,NK cells
TTGCATTGCTAAGC-1,1,Monocytes
TTGCATTGTGACTG-1,0,T cells
TTGCTAACACCAAC-1,2,NK cells
TTGCTAACACGCTA-1,1,Monocytes
TTGCTAACCACTCC-1,0,T cells
TTGCTATGGTACGT-1,1,Monocytes
TTGCTATGGTAGGG-1,1,Monocytes
TTGGAGACCAATCG-1,0,T cells
TTGGAGACGCTATG-1,1,Monocytes
TTGGAGACTATGGC-1,3,B cells
TTGGGAACTGAACC-1,0,T cells
TTGGTACTACTGGT-1,1,Monocytes
TTGGTACTCTTAGG-1,0,T cells
TTGGTACTGAATCC-1,3,B cells
TTGGTACTGGATTC-1,3,B cells
TTGTACACGTTGTG-1,3,B cells
TTGTACACTTGCAG-1,0,T cells
TTGTAGCTAGCTCA-1,0,T cells
TTGTAGCTCTCTTA-1,3,B cells
TTGTCATGGACGGA-1,2,NK cells
TTTAGAGATCCTCG-1,3,B cells
TTTAGCTGATACCG-1,0,T cells
TTTAGCTGGATACC-1,1,Monocytes
TTTAGCTGTACTCT-1,1,Monocytes
TTTAGGCTCCTTTA-1,1,Monocytes
TTTATCCTGTTGTG-1,1,Monocytes
TTTCACGAGGTTCA-1,0,T cells
TTTCAGTGGAAGGC-1,2,NK cells
TTTCAGTGTCACGA-1,3,B cells
TTTCAGTGTCTATC-1,1,Monocytes
TTTCAGTGTGCAGT-1,3,B cells
TTTCCAGAGGTGAG-1,0,T cells
TTTCGAACACCTGA-1,1,Monocytes
TTTCGAACTCTCAT-1,1,Monocytes
TTTCTACTGAGGCA-1,3,B cells
TTTCTACTTCCTCG-1,3,B cells
TTTGCATGAGAGGC-1,3,B cells
TTTGCATGCCTCAC-1,0,T cells
